일자,시가,고가,저가,종가,등락률,개인,기관,고가-저가
2016/08/10,200.0,200.0,197.3,197.8,-1.1,2093650.0,40127.0,2.6999999999999886
2016/08/11,197.8,200.5,197.3,200.5,1.37,559750.0,10805.0,3.1999999999999886
2016/08/12,200.4,200.5,198.9,199.7,-0.4,2259000.0,44820.0,1.5999999999999943
2016/08/16,199.6,200.3,198.6,200.3,0.3,145700.0,11725.0,1.700000000000017
2016/08/17,200.7,203.9,200.5,201.3,0.5,1414950.0,17061.0,3.4000000000000057
2016/08/18,201.6,201.9,199.7,199.7,-0.79,1466700.0,31980.0,2.200000000000017
2016/08/19,199.8,199.9,199.0,199.4,-0.15,1322850.0,29519.0,0.9000000000000057
2016/08/22,199.6,201.9,199.5,201.6,1.1,807850.0,20843.0,2.4000000000000057
2016/08/23,202.0,202.6,200.1,201.8,0.1,687900.0,16227.0,2.5
2016/08/24,201.5,201.9,201.0,201.5,-0.15,56250.0,1011.0,0.9000000000000057
2016/08/25,201.6,202.6,201.2,202.6,0.55,642050.0,15852.0,1.4000000000000057
2016/08/26,203.0,203.9,202.6,203.4,0.39,489300.0,4319.0,1.3000000000000114
2016/08/29,203.5,208.5,203.4,208.5,2.51,3020500.0,66381.0,5.099999999999994
2016/08/30,207.2,208.0,205.6,206.6,-0.91,514200.0,25465.0,2.4000000000000057
2016/08/31,207.3,210.4,206.7,208.4,0.87,4096800.0,47965.0,3.700000000000017
2016/09/01,208.6,208.7,204.0,204.0,-2.11,718100.0,12648.0,4.699999999999989
2016/09/02,204.3,204.8,202.5,202.7,-0.64,2680200.0,46654.0,2.3000000000000114
2016/09/05,202.0,202.5,201.3,202.1,-0.3,1021800.0,9467.0,1.1999999999999886
2016/09/06,202.5,203.2,201.7,203.1,0.49,2122750.0,37568.0,1.5
2016/09/07,202.5,206.0,202.0,204.8,0.84,3461450.0,60410.0,4.0
2016/09/08,204.3,206.6,202.7,202.8,-0.98,1397900.0,17058.0,3.9000000000000057
2016/09/09,203.4,207.2,203.4,204.4,0.79,682600.0,12580.0,3.799999999999983
2016/09/12,210.4,210.6,205.9,208.7,2.1,793250.0,2601.0,4.699999999999989
2016/09/13,206.6,208.7,206.6,208.1,-0.29,394800.0,26757.0,2.0999999999999943
2016/09/19,208.2,208.2,203.8,204.0,-1.97,30400.0,7372.0,4.399999999999977
2016/09/20,205.0,205.0,201.9,201.9,-1.03,1389700.0,42291.0,3.0999999999999943
2016/09/21,201.8,202.9,200.5,200.8,-0.54,1256100.0,26516.0,2.4000000000000057
2016/09/22,199.2,200.0,197.9,198.2,-1.29,234900.0,3332.0,2.0999999999999943
2016/09/23,197.9,199.6,197.9,198.4,0.1,342350.0,1084.0,1.6999999999999886
2016/09/26,198.3,199.5,197.6,199.4,0.5,1709650.0,37946.0,1.9000000000000057
2016/09/27,200.4,201.0,198.7,198.7,-0.35,2547900.0,65468.0,2.3000000000000114
2016/09/28,198.8,200.7,198.7,200.6,0.96,1196500.0,20671.0,2.0
2016/09/29,200.0,200.0,198.6,199.2,-0.7,209550.0,3079.0,1.4000000000000057
2016/09/30,199.2,203.4,199.2,203.0,1.91,5193100.0,93924.0,4.200000000000017
2016/10/04,202.5,203.5,200.7,201.0,-0.99,1047950.0,23339.0,2.8000000000000114
2016/10/05,201.8,202.6,201.0,202.3,0.65,202100.0,3819.0,1.5999999999999943
2016/10/06,201.6,202.9,200.7,202.7,0.2,354400.0,63184.0,2.200000000000017
2016/10/07,203.0,206.8,202.7,206.3,1.78,1062100.0,44820.0,4.100000000000023
2016/10/10,206.8,207.3,205.2,205.9,-0.19,507900.0,11740.0,2.1000000000000227
2016/10/11,205.9,207.4,204.6,206.9,0.49,1509200.0,54671.0,2.8000000000000114
2016/10/12,207.7,208.1,206.6,207.1,0.1,498950.0,58770.0,1.5
2016/10/13,207.0,209.6,206.9,208.9,0.87,1686150.0,3918.0,2.6999999999999886
2016/10/14,208.8,209.4,207.8,208.5,-0.19,766500.0,12157.0,1.5999999999999943
2016/10/17,209.3,210.3,208.2,209.1,0.29,221000.0,20786.0,2.1000000000000227
2016/10/18,209.7,210.1,207.7,207.7,-0.67,1411300.0,57870.0,2.4000000000000057
2016/10/19,207.8,207.9,206.2,206.5,-0.58,1266950.0,28395.0,1.700000000000017
2016/10/20,206.8,209.2,206.4,208.4,0.92,1623850.0,30418.0,2.799999999999983
2016/10/21,209.1,210.6,207.8,210.5,1.01,616500.0,13300.0,2.799999999999983
2016/10/24,210.6,212.2,209.8,211.6,0.52,244350.0,28784.0,2.3999999999999773
2016/10/25,211.5,215.3,211.5,213.5,0.9,102200.0,56801.0,3.8000000000000114
2016/10/26,215.0,216.0,212.4,212.6,-0.42,3716350.0,44670.0,3.5999999999999943
2016/10/27,212.5,212.5,207.5,207.8,-2.26,2192200.0,23201.0,5.0
2016/10/28,208.1,211.0,207.7,210.8,1.44,1751500.0,68079.0,3.3000000000000114
2016/10/31,212.2,215.1,211.9,214.4,1.71,3636750.0,63769.0,3.1999999999999886
2016/11/01,215.7,215.9,211.9,213.5,-0.42,2821050.0,22432.0,4.0
2016/11/02,214.8,218.8,214.5,218.8,2.48,642950.0,12681.0,4.300000000000011
2016/11/03,221.0,221.0,215.7,217.8,-0.46,669300.0,12614.0,5.300000000000011
2016/11/04,216.6,219.4,216.6,217.7,-0.05,1973850.0,46772.0,2.8000000000000114
2016/11/07,216.0,216.4,214.2,214.2,-1.61,3991800.0,83106.0,2.200000000000017
2016/11/08,212.0,214.4,211.7,214.0,-0.09,10900.0,448.0,2.700000000000017
2016/11/09,212.3,226.9,212.3,221.1,3.32,3261050.0,118727.0,14.599999999999994
2016/11/10,215.7,215.8,211.4,211.4,-4.39,3102100.0,102213.0,4.400000000000006
2016/11/11,212.4,214.4,212.3,214.1,1.28,6854650.0,131646.0,2.0999999999999943
2016/11/14,214.4,215.6,214.0,215.5,0.65,1147950.0,22920.0,1.5999999999999943
2016/11/15,216.2,218.2,215.5,218.0,1.16,505850.0,5672.0,2.6999999999999886
2016/11/16,216.7,217.0,213.8,214.2,-1.74,1010950.0,1778.0,3.1999999999999886
2016/11/17,213.5,215.8,213.5,214.2,0.0,563000.0,10585.0,2.3000000000000114
2016/11/18,213.7,217.1,213.4,217.1,1.35,949000.0,8936.0,3.6999999999999886
2016/11/21,218.8,220.9,217.8,220.9,1.75,1610900.0,58097.0,3.0999999999999943
2016/11/22,219.2,221.0,218.3,219.6,-0.59,358950.0,20556.0,2.6999999999999886
2016/11/23,219.1,222.5,218.9,222.4,1.28,420650.0,2101.0,3.5999999999999943
2016/11/24,222.9,226.7,221.3,224.2,0.81,9225050.0,211311.0,5.399999999999977
2016/11/25,224.4,225.9,222.6,223.1,-0.49,4041750.0,37231.0,3.3000000000000114
2016/11/28,223.2,225.3,222.5,225.3,0.99,954750.0,42190.0,2.8000000000000114
2016/11/29,226.5,226.5,223.7,224.5,-0.36,1326950.0,44865.0,2.8000000000000114
2016/11/30,224.5,225.6,223.9,224.1,-0.18,4467850.0,83772.0,1.6999999999999886
2016/12/01,224.0,226.3,224.0,225.7,0.71,1828600.0,34715.0,2.3000000000000114
2016/12/02,226.6,229.0,225.9,229.0,1.46,1293900.0,20252.0,3.0999999999999943
2016/12/05,230.5,233.4,229.4,233.4,1.92,208400.0,701.0,4.0
2016/12/06,231.5,232.4,229.9,230.1,-1.41,12211650.0,251150.0,2.5
2016/12/07,230.2,234.9,229.1,231.9,0.78,441000.0,8038.0,5.800000000000011
2016/12/08,229.6,231.1,227.8,229.8,-0.91,2426800.0,41781.0,3.299999999999983
2016/12/09,230.0,231.6,225.4,225.5,-1.87,1054400.0,17012.0,6.199999999999989
2016/12/12,223.6,224.6,221.6,221.6,-1.73,1896250.0,666.0,3.0
2016/12/13,221.0,223.2,218.9,219.0,-1.17,1675400.0,30043.0,4.299999999999983
2016/12/14,218.1,220.1,217.7,218.8,-0.09,89250.0,12037.0,2.4000000000000057
2016/12/15,220.5,220.9,216.4,216.8,-0.91,1447900.0,12156.0,4.5
2016/12/16,217.2,218.5,216.0,216.7,-0.05,2876900.0,34899.0,2.5
2016/12/19,217.0,217.7,216.2,216.5,-0.09,2119700.0,35649.0,1.5
2016/12/20,216.7,219.8,216.5,219.8,1.52,1180050.0,9974.0,3.3000000000000114
2016/12/21,219.0,221.4,218.8,220.2,0.18,49450.0,34844.0,2.5999999999999943
2016/12/22,220.3,221.9,220.0,221.7,0.68,917550.0,38590.0,1.9000000000000057
2016/12/23,221.9,222.5,218.9,218.9,-1.26,2969050.0,36549.0,3.5999999999999943
2016/12/26,218.8,220.0,218.3,219.8,0.41,706800.0,21904.0,1.6999999999999886
2016/12/27,220.7,220.7,218.4,218.4,-0.64,1745050.0,42861.0,2.299999999999983
2016/12/28,219.4,219.4,213.2,213.2,-2.38,2658750.0,62672.0,6.200000000000017
2016/12/29,214.6,214.7,212.2,212.3,-0.42,309500.0,8721.0,2.5
2017/01/02,212.5,214.7,211.9,214.3,0.94,499700.0,5428.0,2.799999999999983
2017/01/03,213.7,214.3,212.8,212.9,-0.65,1244650.0,1248.0,1.5
2017/01/04,212.9,213.2,211.2,211.9,-0.47,729450.0,5544.0,2.0
2017/01/05,211.4,212.0,210.5,211.7,-0.09,1839650.0,45011.0,1.5
2017/01/06,211.8,213.1,211.3,212.0,0.14,6298250.0,213689.0,1.799999999999983
2017/01/09,211.8,213.3,211.4,213.3,0.61,1119250.0,9920.0,1.9000000000000057
2017/01/10,214.0,216.7,213.5,216.5,1.5,8968350.0,198989.0,3.1999999999999886
2017/01/11,216.5,216.7,213.2,214.5,-0.92,1042850.0,54682.0,3.5
2017/01/12,214.6,217.2,214.0,216.8,1.07,2334450.0,65187.0,3.1999999999999886
2017/01/13,217.1,217.5,213.6,214.9,-0.88,2388100.0,63364.0,3.9000000000000057
2017/01/16,214.7,217.4,214.7,216.9,0.93,1704600.0,41149.0,2.700000000000017
2017/01/17,217.6,218.9,215.2,218.1,0.55,1802550.0,14430.0,3.700000000000017
2017/01/18,218.6,219.9,216.8,217.2,-0.41,3438450.0,66462.0,3.0999999999999943
2017/01/19,217.0,218.5,216.0,218.2,0.46,871550.0,14025.0,2.5
2017/01/20,218.7,219.7,217.6,219.6,0.64,1222650.0,22693.0,2.0999999999999943
2017/01/23,219.6,220.4,218.6,220.0,0.18,1352100.0,80476.0,1.8000000000000114
2017/01/24,220.1,221.8,219.9,221.5,0.68,4278950.0,142096.0,1.9000000000000057
2017/01/25,221.0,223.4,220.3,222.3,0.36,865100.0,32683.0,3.0999999999999943
2017/01/26,221.6,223.3,219.7,219.9,-1.08,3822550.0,124716.0,3.6000000000000227
2017/01/31,221.0,221.0,218.8,218.9,-0.45,2538900.0,90944.0,2.1999999999999886
2017/02/01,218.9,219.2,216.5,216.7,-1.01,3554250.0,44338.0,2.6999999999999886
2017/02/02,217.0,219.7,215.2,219.7,1.38,6688600.0,108157.0,4.5
2017/02/03,219.0,221.3,217.2,220.6,0.41,782050.0,19098.0,4.100000000000023
2017/02/06,219.6,221.0,217.9,217.9,-1.22,179700.0,19605.0,3.0999999999999943
2017/02/07,218.9,219.8,217.5,219.1,0.55,1335900.0,43171.0,2.3000000000000114
2017/02/08,219.0,221.1,218.8,218.9,-0.09,1469750.0,48500.0,2.299999999999983
2017/02/09,219.0,219.8,218.3,218.7,-0.09,2071300.0,49813.0,1.5
2017/02/10,218.4,219.2,216.8,218.8,0.05,1040850.0,17708.0,2.3999999999999773
2017/02/13,218.3,219.0,217.4,217.4,-0.64,957550.0,5203.0,1.5999999999999943
2017/02/14,217.0,218.5,203.0,217.9,0.23,2345650.0,46297.0,15.5
2017/02/15,217.6,218.6,215.5,215.5,-1.1,1075850.0,30336.0,3.0999999999999943
2017/02/16,215.2,216.5,214.7,215.5,0.0,901200.0,26332.0,1.8000000000000114
2017/02/17,216.0,216.5,214.6,214.9,-0.28,550550.0,6633.0,1.9000000000000057
2017/02/20,215.0,215.6,214.6,214.8,-0.05,680050.0,10806.0,1.0
2017/02/21,214.6,215.1,213.5,213.5,-0.61,689250.0,14904.0,1.5999999999999943
2017/02/22,212.9,213.9,212.8,213.5,0.0,782400.0,31109.0,1.0999999999999943
2017/02/23,213.5,215.3,213.3,215.3,0.84,475050.0,6829.0,2.0
2017/02/24,215.3,215.5,214.3,215.2,-0.05,2617750.0,14246.0,1.1999999999999886
2017/02/27,215.2,216.5,215.0,216.1,0.42,1545600.0,41777.0,1.5
2017/02/28,215.9,216.9,215.5,216.1,0.0,7700.0,17608.0,1.4000000000000057
2017/03/02,215.3,217.3,215.2,217.2,0.51,277800.0,10494.0,2.1000000000000227
2017/03/03,218.3,220.2,217.4,220.0,1.29,73150.0,21251.0,2.799999999999983
2017/03/06,220.7,221.3,218.3,218.4,-0.73,2145200.0,33359.0,3.0
2017/03/07,218.5,219.6,217.5,217.9,-0.23,1334950.0,57091.0,2.0999999999999943
2017/03/08,219.2,219.2,217.3,219.2,0.6,2597100.0,34494.0,1.8999999999999773
2017/03/09,218.8,219.8,217.2,219.3,0.05,2338750.0,50361.0,2.6000000000000227
2017/03/10,219.3,219.8,214.9,214.9,-2.01,2130550.0,71430.0,4.900000000000006
2017/03/13,214.7,215.1,213.4,214.9,0.0,2187050.0,83849.0,1.6999999999999886
2017/03/14,214.4,216.2,214.4,216.1,0.56,464800.0,5215.0,1.799999999999983
2017/03/15,216.5,219.2,216.1,218.9,1.3,486050.0,12619.0,3.0999999999999943
2017/03/16,218.4,218.5,216.7,216.7,-1.01,57700.0,17332.0,1.8000000000000114
2017/03/17,215.7,218.2,215.7,218.0,0.6,2750750.0,63253.0,2.5
2017/03/20,217.6,220.0,217.6,218.9,0.41,219050.0,5645.0,2.4000000000000057
2017/03/21,218.9,218.9,217.4,217.9,-0.46,193550.0,18515.0,1.5
2017/03/22,219.0,219.0,217.2,218.2,0.14,533800.0,21705.0,1.8000000000000114
2017/03/23,217.7,219.4,217.7,218.6,0.18,3700.0,22932.0,1.700000000000017
2017/03/24,219.2,219.2,217.7,217.7,-0.41,569700.0,11725.0,1.5
2017/03/27,217.7,218.0,216.8,217.0,-0.32,184600.0,9001.0,1.1999999999999886
2017/03/28,216.6,217.2,215.4,215.5,-0.69,185150.0,7021.0,1.799999999999983
2017/03/29,214.6,215.8,214.6,215.2,-0.14,303450.0,6936.0,1.200000000000017
2017/03/30,215.0,215.5,214.6,215.1,-0.05,1347300.0,47508.0,0.9000000000000057
2017/03/31,215.2,215.3,212.8,213.1,-0.93,1353250.0,11714.0,2.5
2017/04/03,213.0,213.1,208.7,209.0,-1.92,445000.0,22581.0,4.400000000000006
2017/04/04,209.4,210.1,207.9,209.3,0.14,702550.0,3468.0,2.1999999999999886
2017/04/05,209.0,209.9,208.1,208.6,-0.33,274300.0,13297.0,1.8000000000000114
2017/04/06,209.1,209.9,207.2,207.5,-0.53,500750.0,7478.0,2.700000000000017
2017/04/07,207.5,208.1,206.8,207.0,-0.24,414600.0,4460.0,1.299999999999983
2017/04/10,207.8,212.4,207.6,212.4,2.61,1183300.0,24570.0,4.800000000000011
2017/04/11,212.7,213.8,209.9,210.5,-0.89,17650.0,11009.0,3.9000000000000057
2017/04/12,210.5,211.7,210.0,210.6,0.05,940150.0,30363.0,1.6999999999999886
2017/04/13,210.6,210.8,209.4,209.6,-0.47,950300.0,16543.0,1.4000000000000057
2017/04/14,210.0,211.7,209.2,211.5,0.91,495000.0,18727.0,2.5
2017/04/17,210.6,210.6,207.8,208.0,-1.65,3325100.0,67969.0,2.799999999999983
2017/04/18,207.0,208.1,206.5,206.9,-0.53,855600.0,12145.0,1.5999999999999943
2017/04/19,206.9,207.7,206.3,206.3,-0.29,1937800.0,52606.0,1.3999999999999773
2017/04/20,206.4,207.1,205.6,206.6,0.15,711200.0,21304.0,1.5
2017/04/21,206.2,208.0,206.0,206.9,0.15,1097500.0,9561.0,2.0
2017/04/24,207.1,209.5,206.6,209.2,1.11,3460100.0,92905.0,2.9000000000000057
2017/04/25,208.3,208.8,207.0,207.0,-1.05,15050.0,720.0,1.8000000000000114
2017/04/26,206.2,206.6,205.6,206.3,-0.34,578400.0,1606.0,1.0
2017/04/27,206.2,208.1,205.8,208.1,0.87,3032600.0,58620.0,2.299999999999983
2017/04/28,208.0,209.3,206.9,208.4,0.14,567850.0,16630.0,2.4000000000000057
2017/05/02,208.4,208.5,206.8,208.1,-0.14,1224800.0,20517.0,1.6999999999999886
2017/05/04,208.7,208.7,204.1,204.1,-1.92,1477300.0,16474.0,4.599999999999994
2017/05/08,203.6,203.6,199.6,199.6,-2.2,30400.0,3122.0,4.0
2017/05/10,199.0,201.4,197.8,200.2,0.3,664100.0,5035.0,3.5999999999999943
2017/05/11,199.6,200.6,198.7,198.7,-0.75,5788250.0,118570.0,1.9000000000000057
2017/05/12,198.7,201.3,198.6,201.1,1.21,662850.0,7895.0,2.700000000000017
2017/05/15,201.1,201.1,198.9,199.9,-0.6,1511400.0,40733.0,2.1999999999999886
2017/05/16,199.2,202.4,199.2,202.1,1.1,1448450.0,60781.0,3.200000000000017
2017/05/17,202.1,202.5,200.8,201.8,-0.15,2154750.0,59637.0,1.6999999999999886
2017/05/18,205.7,205.7,202.7,202.7,0.45,1985750.0,45323.0,3.0
2017/05/19,202.5,202.7,201.0,201.8,-0.44,1216050.0,19779.0,1.6999999999999886
2017/05/22,201.5,202.4,200.5,201.5,-0.15,273600.0,6857.0,1.9000000000000057
2017/05/23,201.5,201.6,200.2,200.8,-0.35,2737350.0,51538.0,1.4000000000000057
2017/05/24,200.4,200.5,199.5,199.7,-0.55,319950.0,7687.0,1.0
2017/05/25,199.4,200.6,199.3,200.3,0.3,34950.0,2355.0,1.299999999999983
2017/05/26,200.2,200.3,198.5,199.6,-0.35,1761700.0,29273.0,1.8000000000000114
2017/05/29,199.6,201.4,199.4,201.1,0.75,1971550.0,22479.0,2.0
2017/05/30,201.1,201.1,199.1,199.1,-0.99,501550.0,1984.0,2.0
2017/05/31,199.1,199.4,197.4,197.5,-0.8,2907100.0,57187.0,2.0
2017/06/01,197.5,198.1,196.3,196.3,-0.61,149100.0,640.0,1.799999999999983
2017/06/02,196.0,196.6,195.2,195.4,-0.46,315300.0,13947.0,1.4000000000000057
2017/06/05,194.6,195.2,193.5,193.6,-0.92,810900.0,3098.0,1.6999999999999886
2017/06/07,194.7,194.7,192.0,192.0,-0.83,709100.0,5502.0,2.6999999999999886
2017/06/08,192.7,192.7,189.7,191.0,-0.52,1338400.0,33018.0,3.0
2017/06/09,190.1,191.1,189.9,189.9,-0.58,603900.0,19206.0,1.1999999999999886
2017/06/12,191.3,195.2,191.0,193.3,1.79,149400.0,25423.0,4.199999999999989
2017/06/13,193.8,193.8,190.9,190.9,-1.24,1269150.0,37765.0,2.9000000000000057
2017/06/14,189.8,191.3,189.0,190.6,-0.16,1234250.0,15591.0,2.3000000000000114
2017/06/15,190.9,192.9,190.3,190.5,-0.05,2101300.0,81031.0,2.5999999999999943
2017/06/16,190.6,192.0,190.4,190.8,0.16,3351700.0,67683.0,1.5999999999999943
2017/06/19,190.8,190.8,188.5,188.6,-1.15,398050.0,2953.0,2.3000000000000114
2017/06/20,188.0,189.0,187.1,189.0,0.21,2441800.0,38035.0,1.9000000000000057
2017/06/21,190.0,191.1,189.3,189.3,0.16,195800.0,20010.0,1.799999999999983
2017/06/22,188.6,190.4,188.6,190.3,0.53,158900.0,7242.0,1.8000000000000114
2017/06/23,190.2,190.4,188.8,189.2,-0.58,862950.0,24282.0,1.5999999999999943
2017/06/26,189.4,189.9,188.6,188.9,-0.16,59000.0,809.0,1.3000000000000114
2017/06/27,188.5,188.7,187.2,187.7,-0.64,910950.0,16773.0,1.5
2017/06/28,188.8,190.4,188.2,190.4,1.44,460200.0,10743.0,2.200000000000017
2017/06/29,189.2,189.9,188.6,189.1,-0.68,309000.0,5023.0,1.3000000000000114
2017/06/30,190.5,191.0,188.8,189.0,-0.05,1344200.0,24703.0,2.1999999999999886
2017/07/03,188.0,191.5,187.8,190.9,1.01,790400.0,14426.0,3.6999999999999886
2017/07/04,190.9,192.6,190.1,191.8,0.47,1453700.0,17891.0,2.5
2017/07/05,192.8,192.8,190.7,190.7,-0.57,87000.0,3703.0,2.1000000000000227
2017/07/06,190.1,190.6,189.6,189.7,-0.52,1572800.0,30496.0,1.0
2017/07/07,190.7,191.1,190.0,190.1,0.21,171650.0,2424.0,1.0999999999999943
2017/07/10,190.0,191.4,189.5,191.3,0.63,29200.0,252.0,1.9000000000000057
2017/07/11,191.6,192.6,190.9,192.2,0.47,688900.0,9609.0,1.6999999999999886
2017/07/12,193.0,194.8,191.8,194.3,1.09,638950.0,686.0,3.0
2017/07/13,193.3,194.3,192.3,193.1,-0.62,1623700.0,39342.0,2.0
2017/07/14,193.0,194.1,192.6,192.8,-0.16,1446000.0,24216.0,1.5
2017/07/17,192.0,192.0,189.8,190.1,-1.4,20750.0,715.0,2.1999999999999886
2017/07/18,189.1,190.4,189.0,189.3,-0.42,267000.0,6949.0,1.4000000000000057
2017/07/19,188.5,189.2,186.8,186.9,-1.27,1546750.0,29923.0,2.3999999999999773
2017/07/20,186.5,186.7,184.2,184.6,-1.23,1468150.0,19120.0,2.5
2017/07/21,184.4,186.3,184.4,186.0,0.76,2377300.0,38777.0,1.9000000000000057
2017/07/24,186.0,186.0,184.7,185.6,-0.22,354350.0,3847.0,1.3000000000000114
2017/07/25,185.9,188.2,185.2,188.2,1.4,75350.0,16847.0,3.0
2017/07/26,187.9,189.1,187.0,187.0,-0.64,1329500.0,5199.0,2.0999999999999943
2017/07/27,187.0,187.6,185.7,186.8,-0.11,1733300.0,36344.0,1.9000000000000057
2017/07/28,187.9,190.9,187.8,190.6,2.03,1925550.0,33119.0,3.0999999999999943
2017/07/31,191.0,193.2,190.9,191.1,0.26,3766600.0,64392.0,2.299999999999983
2017/08/01,192.0,192.0,189.9,191.4,0.16,795850.0,14681.0,2.0999999999999943
2017/08/02,191.2,191.2,189.6,190.0,-0.73,271500.0,11909.0,1.5999999999999943
2017/08/03,190.6,195.2,190.2,195.2,2.74,1049450.0,8609.0,5.0
2017/08/04,195.2,197.1,193.6,195.5,0.15,337750.0,6949.0,3.5
2017/08/07,195.2,195.2,192.1,192.6,-1.48,320150.0,19470.0,3.0999999999999943
2017/08/08,192.5,193.8,191.2,191.6,-0.52,1107100.0,21671.0,2.6000000000000227
2017/08/09,193.4,194.0,192.0,194.0,1.25,2069050.0,30990.0,2.0
2017/08/10,194.0,195.4,192.7,193.9,-0.05,1153750.0,25186.0,2.700000000000017
2017/08/11,197.0,198.1,194.9,197.9,2.06,260250.0,14543.0,3.1999999999999886
2017/08/14,196.9,197.8,195.6,196.6,-0.66,3337050.0,60309.0,2.200000000000017
2017/08/16,194.9,195.5,193.7,193.7,-1.48,1171650.0,44182.0,1.8000000000000114
2017/08/17,193.7,193.9,191.2,191.2,-1.29,1185050.0,25499.0,2.700000000000017
2017/08/18,193.6,193.6,190.4,191.2,0.0,85950.0,3015.0,3.1999999999999886
2017/08/21,190.6,192.2,190.6,192.2,0.52,268200.0,5880.0,1.5999999999999943
2017/08/22,191.4,192.1,190.1,190.4,-0.94,1118300.0,38560.0,2.0
2017/08/23,189.2,191.1,189.2,191.1,0.37,579800.0,5736.0,1.9000000000000057
2017/08/24,191.0,191.0,189.7,190.1,-0.52,962000.0,14347.0,1.3000000000000114
2017/08/25,189.4,190.2,189.0,189.3,-0.42,1938800.0,35467.0,1.1999999999999886
2017/08/28,188.8,189.4,187.5,187.8,-0.79,4023800.0,77296.0,1.9000000000000057
2017/08/29,188.7,189.5,187.1,187.8,0.0,794950.0,15995.0,2.4000000000000057
2017/08/30,187.1,188.1,186.3,188.1,0.16,238750.0,3225.0,1.799999999999983
2017/08/31,187.5,187.6,186.6,186.6,-0.8,2097100.0,40057.0,1.0
2017/09/01,185.9,186.4,184.4,185.1,-0.8,441500.0,7243.0,2.0
2017/09/04,188.0,188.5,186.3,188.0,1.57,3310350.0,58326.0,2.1999999999999886
2017/09/05,187.1,188.9,186.4,187.8,-0.11,705350.0,24807.0,2.5
2017/09/06,188.0,188.2,186.0,186.0,-0.96,1449050.0,25600.0,2.1999999999999886
2017/09/07,185.4,185.6,184.0,184.8,-0.65,993500.0,16031.0,1.5999999999999943
2017/09/08,184.8,185.4,183.7,185.3,0.27,76150.0,477.0,1.700000000000017
2017/09/11,184.5,184.6,183.5,184.6,-0.38,1460800.0,27208.0,1.0999999999999943
2017/09/12,183.7,184.3,183.2,183.3,-0.7,1672000.0,32487.0,1.1000000000000227
2017/09/13,183.1,183.8,182.6,183.7,0.22,332700.0,5346.0,1.200000000000017
2017/09/14,183.7,183.7,180.0,180.8,-1.58,4515600.0,89688.0,3.6999999999999886
2017/09/15,181.6,181.6,176.7,177.2,-1.99,9443650.0,187127.0,4.900000000000006
2017/09/18,178.0,178.0,174.2,175.1,-1.19,2488600.0,50228.0,3.8000000000000114
2017/09/19,174.8,176.7,174.7,175.1,0.0,1484900.0,27302.0,2.0
2017/09/20,175.1,176.6,173.3,176.6,0.86,2327250.0,45455.0,3.299999999999983
2017/09/21,176.3,179.1,175.6,177.7,0.62,4583400.0,96153.0,3.5
2017/09/22,178.5,180.0,177.8,179.2,0.84,5470050.0,101287.0,2.1999999999999886
2017/09/25,179.1,180.4,177.4,178.8,-0.22,5764850.0,117801.0,3.0
2017/09/26,179.7,179.8,177.3,178.0,-0.45,1060950.0,32115.0,2.5
2017/09/27,177.6,178.3,176.3,176.4,-0.9,383000.0,14399.0,2.0
2017/09/28,175.5,177.8,175.5,177.8,0.79,2394600.0,47693.0,2.3000000000000114
2017/09/29,177.7,178.4,176.9,177.1,-0.39,3619000.0,81033.0,1.5
2017/10/10,175.4,175.8,175.0,175.8,-0.73,5455550.0,118137.0,0.8000000000000114
2017/10/11,175.9,175.9,173.8,174.0,-1.02,434700.0,13060.0,2.0999999999999943
2017/10/12,173.4,173.9,172.0,172.3,-0.98,788550.0,16229.0,1.9000000000000057
2017/10/13,171.7,173.0,168.6,171.9,-0.23,6671150.0,133461.0,4.400000000000006
2017/10/16,171.6,173.4,170.1,171.1,-0.47,6360550.0,128109.0,3.3000000000000114
2017/10/17,171.0,171.1,165.4,165.4,-3.33,23464700.0,474968.0,5.699999999999989
2017/10/18,164.6,166.1,162.8,165.4,0.0,1424400.0,8788.0,3.299999999999983
2017/10/19,164.6,167.1,164.6,166.9,0.91,8923750.0,176565.0,2.5
2017/10/20,167.1,167.5,165.2,165.2,-1.02,394600.0,23555.0,2.3000000000000114
2017/10/23,164.4,164.5,163.3,163.8,-0.85,3535350.0,55185.0,1.1999999999999886
2017/10/24,163.9,163.9,159.5,159.5,-2.63,4102800.0,97601.0,4.400000000000006
2017/10/25,159.1,160.6,159.1,159.3,-0.13,1628650.0,18068.0,1.5
2017/10/26,160.1,162.9,159.7,162.9,2.26,4528050.0,68550.0,3.200000000000017
2017/10/27,162.3,162.9,159.2,159.2,-2.27,2256700.0,61403.0,3.700000000000017
2017/10/30,158.3,159.6,157.9,158.8,-0.25,4855750.0,86823.0,1.6999999999999886
2017/10/31,158.9,159.3,158.0,158.0,-0.5,2358250.0,75978.0,1.3000000000000114
2017/11/01,157.0,158.2,157.0,158.0,0.0,529050.0,12824.0,1.1999999999999886
2017/11/02,158.0,159.3,156.7,157.7,-0.19,1228200.0,13983.0,2.6000000000000227
2017/11/03,157.2,157.2,155.3,155.3,-1.52,619200.0,9636.0,1.8999999999999773
2017/11/06,154.8,156.1,154.0,154.3,-0.64,115150.0,8628.0,2.0999999999999943
2017/11/07,154.6,156.8,154.1,156.3,1.3,1978100.0,39751.0,2.700000000000017
2017/11/08,155.8,156.2,153.0,153.0,-2.11,356100.0,6817.0,3.1999999999999886
2017/11/09,152.9,154.8,152.3,153.2,0.13,1989750.0,40212.0,2.5
2017/11/10,154.7,154.7,150.7,150.7,-1.63,1316600.0,10278.0,4.0
2017/11/13,150.2,150.4,144.3,144.4,-4.18,9335350.0,189592.0,6.099999999999994
2017/11/14,143.9,144.2,139.1,139.4,-3.46,27219750.0,542408.0,5.099999999999994
2017/11/15,139.4,139.6,134.1,135.6,-2.73,70974300.0,546692.0,5.5
2017/11/16,134.4,138.0,132.9,133.3,-1.7,63314650.0,718278.0,5.099999999999994
2017/11/17,134.3,135.8,133.6,134.6,0.98,26464800.0,538881.0,2.200000000000017
2017/11/20,134.6,134.9,131.5,131.5,-2.3,34085050.0,671925.0,3.4000000000000057
2017/11/21,131.3,132.7,129.6,131.4,-0.08,43451100.0,888015.0,3.0999999999999943
2017/11/22,130.6,134.6,130.3,134.6,2.44,5788650.0,74684.0,4.299999999999983
2017/11/23,135.4,137.4,130.3,130.3,-3.19,13153450.0,233764.0,7.099999999999994
2017/11/24,130.4,133.0,130.0,132.9,2.0,2260900.0,178840.0,3.0
2017/11/27,133.7,135.7,132.1,133.8,0.68,8922850.0,255674.0,3.5999999999999943
2017/11/28,133.3,138.4,132.5,138.4,3.44,7455800.0,151276.0,5.900000000000006
2017/11/29,137.4,139.6,136.0,136.7,-1.23,26314600.0,560925.0,3.5999999999999943
2017/11/30,137.5,139.4,136.5,138.8,1.54,4931900.0,104217.0,2.9000000000000057
2017/12/01,136.7,137.6,134.3,134.4,-3.17,48997800.0,972656.0,3.299999999999983
2017/12/04,134.6,136.8,134.4,136.1,1.26,45272150.0,891787.0,2.4000000000000057
2017/12/05,136.5,139.1,136.0,139.0,2.13,49146250.0,996252.0,3.0999999999999943
2017/12/06,138.7,142.1,137.1,140.9,1.37,3887750.0,83706.0,5.0
2017/12/07,140.1,145.7,139.9,143.7,1.99,14645500.0,216192.0,5.799999999999983
2017/12/08,144.0,145.5,142.4,145.1,0.97,7225950.0,229953.0,3.0999999999999943
2017/12/11,144.6,145.4,140.4,140.4,-3.24,7537950.0,121728.0,5.0
2017/12/12,139.8,143.5,139.4,142.2,1.28,448050.0,54345.0,4.099999999999994
2017/12/13,141.8,142.0,139.0,140.1,-1.48,12805850.0,201036.0,3.0
2017/12/14,139.2,142.7,138.9,141.2,0.79,35244150.0,588260.0,3.799999999999983
2017/12/15,141.3,143.0,139.4,140.7,-0.35,4815300.0,192540.0,3.5999999999999943
2017/12/18,139.8,142.2,139.6,142.2,1.07,11513150.0,194345.0,2.5999999999999943
2017/12/19,142.0,145.9,141.8,142.3,0.07,361200.0,56895.0,4.099999999999994
2017/12/20,143.4,144.7,142.4,144.4,1.48,956550.0,34665.0,2.299999999999983
2017/12/21,145.1,147.1,143.4,147.0,1.8,7522750.0,198083.0,3.6999999999999886
2017/12/22,146.6,147.8,140.9,140.9,-4.15,20232650.0,324221.0,6.900000000000006
2017/12/26,140.7,140.7,136.2,139.2,-1.21,5067100.0,12168.0,4.5
2017/12/27,137.2,138.2,131.9,131.9,-5.24,111801750.0,1850520.0,6.299999999999983
2017/12/28,132.1,133.3,130.8,130.8,-0.83,5923400.0,22512.0,2.5
2018/01/02,130.1,131.3,128.3,128.5,-1.76,25120650.0,497015.0,3.0
2018/01/03,128.2,129.0,126.4,127.0,-1.17,40120200.0,853468.0,2.5999999999999943
2018/01/04,126.3,131.5,126.3,130.4,2.68,7256750.0,154365.0,5.200000000000003
2018/01/05,129.8,130.2,125.5,125.5,-3.76,63293700.0,659428.0,4.699999999999989
2018/01/08,124.4,125.3,122.1,122.1,-2.71,85590350.0,361844.0,3.200000000000003
2018/01/09,122.7,124.6,121.7,123.8,1.39,83063050.0,301218.0,2.8999999999999915
2018/01/10,123.1,126.4,122.5,123.3,-0.4,43530550.0,906914.0,3.9000000000000057
2018/01/11,123.7,124.3,118.1,118.1,-4.22,77384600.0,607253.0,6.200000000000003
2018/01/12,116.9,117.8,109.0,112.6,-4.66,106480950.0,1570669.0,8.799999999999997
2018/01/15,112.1,114.5,108.7,108.8,-3.37,196365000.0,3781643.0,5.799999999999997
2018/01/16,110.0,111.1,107.9,108.3,-0.46,40233650.0,711164.0,3.1999999999999886
2018/01/17,108.8,111.6,107.7,111.4,2.86,30218300.0,617008.0,3.8999999999999915
2018/01/18,110.6,111.6,109.6,110.0,-1.26,16029800.0,399026.0,2.0
2018/01/19,109.7,115.3,109.6,114.2,3.82,3365500.0,1861630.0,5.700000000000003
2018/01/22,115.1,117.4,114.2,115.1,0.79,1216150.0,95898.0,3.200000000000003
2018/01/23,113.6,114.7,111.7,111.7,-2.95,23051000.0,562168.0,3.0
2018/01/24,110.7,112.8,110.1,111.9,0.18,96150750.0,1798815.0,2.700000000000003
2018/01/25,112.4,114.0,111.8,111.9,0.0,41529800.0,552621.0,2.200000000000003
2018/01/26,112.3,113.2,110.3,110.3,-1.43,34581800.0,251728.0,2.9000000000000057
2018/01/29,110.4,110.6,107.4,107.9,-2.18,61472300.0,913911.0,3.1999999999999886
2018/01/30,108.1,108.9,106.9,108.5,0.56,173788500.0,3884533.0,2.0
2018/01/31,110.1,111.1,109.0,110.3,1.66,55815250.0,3360070.0,2.0999999999999943
2018/02/01,110.1,112.5,109.3,112.2,1.72,8907600.0,157818.0,3.200000000000003
2018/02/02,112.1,115.0,111.6,112.9,0.62,68482450.0,816785.0,3.4000000000000057
2018/02/05,115.8,118.5,114.5,118.5,4.96,119621350.0,2567881.0,4.0
2018/02/06,124.3,124.7,117.4,117.5,-0.84,14856250.0,509590.0,7.299999999999997
2018/02/07,115.3,123.2,115.3,123.1,4.77,43693600.0,896572.0,7.900000000000006
2018/02/08,122.0,125.0,115.4,116.8,-5.12,318950150.0,4164383.0,9.599999999999994
2018/02/09,121.9,121.9,118.8,120.1,2.83,98790850.0,1464957.0,3.1000000000000085
2018/02/12,118.2,120.5,117.7,120.3,0.17,71242800.0,3054038.0,2.799999999999997
2018/02/13,119.2,123.7,118.8,123.7,2.83,35093950.0,631709.0,4.900000000000006
2018/02/14,122.9,124.3,119.6,119.6,-3.31,4483850.0,276872.0,4.700000000000003
2018/02/19,118.0,118.6,114.4,114.7,-4.1,114885900.0,233626.0,4.199999999999989
2018/02/20,115.0,117.9,114.7,117.1,2.09,16442150.0,554996.0,3.200000000000003
2018/02/21,116.7,117.4,114.3,115.3,-1.54,10126350.0,385230.0,3.1000000000000085
2018/02/22,116.2,117.7,115.6,115.9,0.52,121684450.0,1264125.0,2.1000000000000085
2018/02/23,115.0,116.1,114.7,115.2,-0.6,73172150.0,3142025.0,1.3999999999999915
2018/02/26,114.1,116.0,113.3,114.9,-0.26,27987650.0,1676892.0,2.700000000000003
2018/02/27,113.8,115.3,113.4,115.3,0.35,20671700.0,415831.0,1.8999999999999915
2018/02/28,116.3,118.7,116.0,117.8,2.17,19163600.0,46086.0,2.700000000000003
2018/03/02,119.6,119.8,116.5,116.5,-1.1,120708150.0,1444174.0,3.299999999999997
2018/03/05,116.5,118.7,116.4,118.7,1.89,88503150.0,2408713.0,2.299999999999997
2018/03/06,117.3,117.8,116.1,116.2,-2.11,49673050.0,1000374.0,1.7000000000000028
2018/03/07,116.9,119.2,115.5,119.2,2.58,47423300.0,307599.0,3.700000000000003
2018/03/08,118.0,118.5,116.7,116.9,-1.93,39967700.0,8610.0,1.7999999999999972
2018/03/09,116.7,117.1,115.1,115.9,-0.86,36948900.0,734482.0,2.0
2018/03/12,114.6,114.9,112.5,112.5,-2.93,32014450.0,234438.0,2.4000000000000057
2018/03/13,112.8,113.7,112.3,112.6,0.09,18016200.0,237492.0,1.4000000000000057
2018/03/14,113.6,113.8,112.6,112.8,0.18,10818900.0,232134.0,1.2000000000000028
2018/03/15,112.8,113.2,111.5,112.5,-0.27,1879750.0,325001.0,1.7000000000000028
2018/03/16,112.2,112.7,111.9,112.0,-0.44,34329600.0,662320.0,0.7999999999999972
2018/03/19,112.8,114.2,112.2,114.2,1.96,42975750.0,371740.0,2.0
2018/03/20,115.5,115.5,111.9,112.0,-1.93,11391650.0,318370.0,3.5999999999999943
2018/03/21,111.9,112.8,111.1,112.8,0.71,19790100.0,661984.0,1.7000000000000028
2018/03/22,112.2,115.7,111.7,115.3,2.22,24667350.0,1254344.0,4.0
2018/03/23,118.8,122.9,117.4,122.8,6.5,38125900.0,975567.0,5.5
2018/03/26,122.2,123.4,117.4,117.4,-4.4,195805450.0,2222784.0,6.0
2018/03/27,116.4,117.9,116.4,117.5,0.09,32421550.0,550632.0,1.5
2018/03/28,119.5,120.7,118.5,118.8,1.11,13182350.0,229527.0,2.200000000000003
2018/03/29,118.4,118.5,115.3,115.3,-2.95,44303550.0,806261.0,3.200000000000003
2018/03/30,115.2,116.0,114.9,115.4,0.09,32315650.0,654559.0,1.0999999999999943
2018/04/02,115.2,116.7,114.9,116.1,0.61,6126500.0,375929.0,1.7999999999999972
2018/04/03,117.9,118.1,115.6,115.6,-0.43,32901400.0,441547.0,2.5
2018/04/04,115.2,117.4,114.9,116.6,0.87,68134300.0,592608.0,2.5
2018/04/05,115.1,116.4,114.6,115.6,-0.86,34621350.0,1438580.0,1.8000000000000114
2018/04/06,116.8,116.8,115.6,115.6,0.0,36964100.0,399631.0,1.2000000000000028
2018/04/09,115.6,115.8,114.5,114.5,-0.95,1228300.0,173819.0,1.2999999999999972
2018/04/10,114.8,115.7,114.3,114.4,-0.09,14073100.0,109872.0,1.4000000000000057
2018/04/11,113.9,114.5,113.9,114.0,-0.35,12159750.0,29811.0,0.5999999999999943
2018/04/12,113.9,115.8,113.8,115.8,1.58,11584150.0,8517.0,2.0
2018/04/13,115.5,116.3,114.1,114.9,-0.78,13167950.0,913539.0,2.200000000000003
2018/04/16,114.5,114.6,113.9,114.3,-0.52,9149850.0,13385.0,0.6999999999999886
2018/04/17,114.2,115.0,114.1,114.2,-0.09,12407200.0,120602.0,0.9000000000000057
2018/04/18,113.7,115.5,113.7,115.4,1.05,24219400.0,1277375.0,1.7999999999999972
2018/04/19,115.7,117.9,115.6,117.4,1.73,512350.0,1567036.0,2.3000000000000114
2018/04/20,117.2,118.6,116.5,117.1,-0.26,27277350.0,37391.0,2.0999999999999943
2018/04/23,117.4,119.6,117.0,119.0,1.62,11460400.0,1232947.0,2.5999999999999943
2018/04/24,118.9,120.8,118.5,120.7,1.43,29548450.0,608558.0,2.299999999999997
2018/04/25,121.5,122.7,120.0,120.9,0.17,28622300.0,599659.0,2.700000000000003
2018/04/26,120.1,120.8,119.3,119.3,-1.32,20915350.0,486634.0,1.5
2018/04/27,118.2,119.2,117.4,117.4,-1.59,29868250.0,342169.0,1.7999999999999972
2018/04/30,117.5,120.4,117.4,119.8,2.04,20368500.0,1284388.0,3.0
2018/05/02,121.0,122.0,119.1,121.0,1.0,43312900.0,690946.0,2.9000000000000057
2018/05/03,6050.0,6110.0,6025.0,6110.0,0.99,54583.0,420518.0,85.0
2018/05/04,6100.0,6265.0,6090.0,6265.0,2.54,784925.0,157780.0,175.0
2018/05/08,6215.0,6535.0,6160.0,6535.0,4.31,913703.0,1117450.0,375.0
2018/05/09,6495.0,6680.0,6230.0,6255.0,-4.28,1163821.0,767188.0,450.0
2018/05/10,6265.0,6355.0,6235.0,6280.0,0.4,353995.0,299.0,120.0
2018/05/11,6290.0,6300.0,6150.0,6200.0,-1.27,708136.0,792753.0,150.0
2018/05/14,6200.0,6350.0,6195.0,6340.0,2.26,717006.0,232581.0,155.0
2018/05/15,6300.0,6340.0,6240.0,6265.0,-1.18,1032492.0,820372.0,100.0
2018/05/16,6300.0,6330.0,6210.0,6285.0,0.32,26171.0,316465.0,120.0
2018/05/17,6270.0,6320.0,6225.0,6225.0,-0.95,1121435.0,114805.0,95.0
2018/05/18,6210.0,6230.0,6110.0,6120.0,-1.69,129344.0,55512.0,120.0
2018/05/21,6130.0,6155.0,6065.0,6125.0,0.08,711336.0,55905.0,90.0
2018/05/23,6140.0,6195.0,6115.0,6140.0,0.24,372201.0,202993.0,80.0
2018/05/24,6130.0,6140.0,6050.0,6055.0,-1.38,764054.0,325713.0,90.0
2018/05/25,6100.0,6105.0,6000.0,6000.0,-0.91,379863.0,309396.0,105.0
2018/05/28,6010.0,6050.0,5975.0,5975.0,-0.42,736548.0,483852.0,75.0
2018/05/29,5985.0,6145.0,5935.0,6120.0,2.43,637884.0,624230.0,210.0
2018/05/30,6065.0,6185.0,6010.0,6010.0,-1.8,3372228.0,2798730.0,175.0
2018/05/31,5965.0,6070.0,5965.0,5985.0,-0.42,99558.0,884559.0,105.0
2018/06/01,6005.0,6015.0,5940.0,5980.0,-0.08,164631.0,789151.0,75.0
2018/06/04,5970.0,6100.0,5965.0,6060.0,1.34,831355.0,793352.0,135.0
2018/06/05,6025.0,6115.0,6010.0,6060.0,0.0,10831.0,278800.0,105.0
2018/06/07,6035.0,6065.0,5965.0,5965.0,-1.57,20058.0,128508.0,100.0
2018/06/08,5995.0,6080.0,5985.0,6065.0,1.68,845537.0,127153.0,95.0
2018/06/11,6065.0,6085.0,6020.0,6055.0,-0.16,664789.0,430851.0,65.0
2018/06/12,6055.0,6095.0,5980.0,6035.0,-0.33,159800.0,31145.0,115.0
2018/06/14,6060.0,6130.0,6020.0,6120.0,1.41,1397761.0,1450273.0,110.0
2018/06/15,6100.0,6140.0,6090.0,6100.0,-0.33,114221.0,2379090.0,50.0
2018/06/18,6115.0,6415.0,6095.0,6305.0,3.36,300547.0,26872.0,320.0
2018/06/19,6310.0,6500.0,6250.0,6500.0,3.09,527387.0,339354.0,250.0
2018/06/20,6445.0,6465.0,6240.0,6240.0,-4.0,1514206.0,867627.0,225.0
2018/06/21,6255.0,6400.0,6255.0,6390.0,2.4,995253.0,453438.0,145.0
2018/06/22,6410.0,6480.0,6305.0,6305.0,-1.33,550570.0,150685.0,175.0
2018/06/25,6305.0,6360.0,6245.0,6255.0,-0.79,1411305.0,334982.0,115.0
2018/06/26,6325.0,6410.0,6250.0,6280.0,0.4,470336.0,324184.0,160.0
2018/06/27,6290.0,6335.0,6210.0,6335.0,0.88,853103.0,255141.0,125.0
2018/06/28,6385.0,6465.0,6335.0,6460.0,1.97,491353.0,234826.0,130.0
2018/06/29,6405.0,6520.0,6340.0,6375.0,-1.32,175674.0,855838.0,180.0
2018/07/02,6390.0,6610.0,6360.0,6610.0,3.69,159990.0,536533.0,250.0
2018/07/03,6530.0,6680.0,6425.0,6525.0,-1.29,852085.0,3183966.0,255.0
2018/07/04,6555.0,6600.0,6475.0,6515.0,-0.15,1443931.0,897764.0,125.0
2018/07/05,6515.0,6660.0,6500.0,6500.0,-0.23,104222.0,206232.0,160.0
2018/07/06,6500.0,6575.0,6320.0,6330.0,-2.62,968615.0,900996.0,255.0
2018/07/09,6360.0,6395.0,6280.0,6330.0,0.0,24179.0,2993923.0,115.0
2018/07/10,6285.0,6355.0,6285.0,6340.0,0.16,297068.0,263227.0,70.0
2018/07/11,6400.0,6520.0,6395.0,6505.0,2.6,681925.0,165542.0,125.0
2018/07/12,6490.0,6505.0,6360.0,6370.0,-2.08,1438565.0,158350.0,145.0
2018/07/13,6380.0,6390.0,6295.0,6305.0,-1.02,118418.0,1261601.0,95.0
2018/07/16,6295.0,6365.0,6280.0,6335.0,0.48,417802.0,324231.0,85.0
2018/07/17,6335.0,6440.0,6330.0,6425.0,1.42,329929.0,296554.0,110.0
2018/07/18,6370.0,6510.0,6340.0,6495.0,1.09,432272.0,504747.0,170.0
2018/07/19,6490.0,6620.0,6465.0,6605.0,1.69,374758.0,952476.0,155.0
2018/07/20,6615.0,6720.0,6570.0,6665.0,0.91,992739.0,277506.0,150.0
2018/07/23,6680.0,7020.0,6665.0,7010.0,5.18,706287.0,487565.0,355.0
2018/07/24,6975.0,7045.0,6900.0,7020.0,0.14,594007.0,425884.0,145.0
2018/07/25,7005.0,7270.0,6980.0,7180.0,2.28,133881.0,468506.0,290.0
2018/07/26,7115.0,7180.0,6975.0,6975.0,-2.86,1511189.0,931851.0,205.0
2018/07/27,6985.0,7025.0,6935.0,6940.0,-0.5,600674.0,833110.0,90.0
2018/07/30,6970.0,7110.0,6960.0,7045.0,1.51,273438.0,23401.0,150.0
2018/07/31,7060.0,7115.0,6930.0,6930.0,-1.63,1463218.0,693738.0,185.0
2018/08/01,6900.0,6910.0,6715.0,6720.0,-3.03,731641.0,776555.0,195.0
2018/08/02,6770.0,6905.0,6750.0,6865.0,2.16,588532.0,759936.0,155.0
2018/08/03,6805.0,6845.0,6755.0,6770.0,-1.38,94915.0,227403.0,90.0
2018/08/06,6800.0,6905.0,6745.0,6885.0,1.7,459961.0,605162.0,160.0
2018/08/07,6870.0,6955.0,6810.0,6820.0,-0.94,360805.0,636302.0,145.0
2018/08/08,6800.0,6900.0,6765.0,6840.0,0.29,148976.0,1013544.0,135.0
2018/08/09,6870.0,6915.0,6750.0,6750.0,-1.32,1041051.0,898676.0,165.0
2018/08/10,6780.0,6865.0,6730.0,6795.0,0.67,619696.0,728541.0,135.0
2018/08/13,6845.0,7085.0,6845.0,7065.0,3.97,132652.0,264233.0,240.0
2018/08/14,7040.0,7080.0,6975.0,6990.0,-1.06,614028.0,472944.0,105.0
2018/08/16,7115.0,7190.0,6975.0,7000.0,0.14,18947.0,276720.0,215.0
2018/08/17,6950.0,6980.0,6815.0,6850.0,-2.14,1951040.0,981951.0,165.0
2018/08/20,6820.0,6910.0,6775.0,6900.0,0.73,853360.0,1040251.0,135.0
2018/08/21,6870.0,6890.0,6620.0,6660.0,-3.48,1267180.0,540423.0,270.0
2018/08/22,6665.0,6725.0,6610.0,6720.0,0.9,99728.0,750358.0,115.0
2018/08/23,6695.0,6775.0,6650.0,6650.0,-1.04,742014.0,49718.0,125.0
2018/08/24,6665.0,6715.0,6530.0,6550.0,-1.5,859999.0,904220.0,185.0
2018/08/27,6540.0,6560.0,6470.0,6480.0,-1.07,630576.0,175683.0,90.0
2018/08/28,6435.0,6555.0,6425.0,6550.0,1.08,447118.0,2090127.0,130.0
2018/08/29,6540.0,6570.0,6490.0,6490.0,-0.92,507036.0,1169641.0,80.0
2018/08/30,6495.0,6535.0,6440.0,6490.0,0.0,890571.0,501543.0,95.0
2018/08/31,6530.0,6535.0,6310.0,6330.0,-2.47,2088317.0,30798.0,225.0
2018/09/03,6345.0,6395.0,6320.0,6340.0,0.16,654654.0,928129.0,75.0
2018/09/04,6330.0,6345.0,6205.0,6230.0,-1.74,960732.0,802876.0,140.0
2018/09/05,6250.0,6345.0,6220.0,6345.0,1.85,17753.0,12379.0,125.0
2018/09/06,6350.0,6410.0,6305.0,6390.0,0.71,591475.0,1292475.0,105.0
2018/09/07,6410.0,6455.0,6340.0,6375.0,-0.23,467327.0,536112.0,115.0
2018/09/10,6390.0,6410.0,6355.0,6370.0,-0.08,620223.0,690655.0,55.0
2018/09/11,6375.0,6385.0,6295.0,6300.0,-1.1,750565.0,355393.0,90.0
2018/09/12,6280.0,6300.0,6215.0,6225.0,-1.19,1894799.0,163256.0,85.0
2018/09/13,6210.0,6250.0,6180.0,6190.0,-0.56,955746.0,219028.0,70.0
2018/09/14,6160.0,6190.0,6090.0,6110.0,-1.29,841167.0,1283082.0,100.0
2018/09/17,6115.0,6190.0,6100.0,6145.0,0.57,1111363.0,895437.0,90.0
2018/09/18,6195.0,6205.0,6095.0,6105.0,-0.65,508891.0,775260.0,110.0
2018/09/19,6100.0,6165.0,6100.0,6110.0,0.08,517035.0,444863.0,65.0
2018/09/20,6110.0,6215.0,6030.0,6185.0,1.23,493841.0,591153.0,185.0
2018/09/21,6150.0,6210.0,6145.0,6150.0,-0.57,577202.0,373898.0,65.0
2018/09/27,6170.0,6170.0,6075.0,6075.0,-1.22,1189911.0,858631.0,95.0
2018/09/28,6070.0,6175.0,6060.0,6170.0,1.56,492439.0,1548098.0,115.0
2018/10/01,6140.0,6250.0,6135.0,6210.0,0.65,64925.0,1886813.0,115.0
2018/10/02,6215.0,6440.0,6200.0,6430.0,3.54,115104.0,1912965.0,240.0
2018/10/04,6415.0,6550.0,6380.0,6470.0,0.62,905446.0,835626.0,170.0
2018/10/05,6510.0,6650.0,6435.0,6605.0,2.09,794932.0,736238.0,215.0
2018/10/08,6625.0,6685.0,6490.0,6685.0,1.21,226549.0,165383.0,195.0
2018/10/10,6660.0,6825.0,6630.0,6780.0,1.42,1518390.0,386338.0,195.0
2018/10/11,6995.0,7080.0,6885.0,7075.0,4.35,2890632.0,616018.0,195.0
2018/10/12,7035.0,7045.0,6785.0,6785.0,-4.1,212645.0,62235.0,260.0
2018/10/15,6805.0,7015.0,6805.0,6980.0,2.87,284240.0,216760.0,210.0
2018/10/16,6925.0,6960.0,6830.0,6870.0,-1.58,574652.0,213498.0,130.0
2018/10/17,6720.0,6895.0,6715.0,6795.0,-1.09,639082.0,1494435.0,180.0
2018/10/18,6800.0,6945.0,6795.0,6920.0,1.84,1427420.0,848875.0,150.0
2018/10/19,6990.0,7040.0,6765.0,6770.0,-2.17,2131068.0,1940371.0,275.0
2018/10/22,6840.0,6880.0,6710.0,6715.0,-0.81,22788.0,307391.0,170.0
2018/10/23,6790.0,7000.0,6765.0,6950.0,3.5,283232.0,2015163.0,235.0
2018/10/24,6860.0,7170.0,6840.0,7130.0,2.59,2075084.0,4785851.0,330.0
2018/10/25,7335.0,7400.0,7155.0,7215.0,1.19,255428.0,2047083.0,245.0
2018/10/26,7150.0,7510.0,7140.0,7445.0,3.19,129888.0,3123569.0,370.0
2018/10/29,7400.0,7675.0,7250.0,7660.0,2.89,424331.0,1584480.0,425.0
2018/10/30,7690.0,7805.0,7470.0,7505.0,-2.02,571519.0,3387958.0,335.0
2018/10/31,7480.0,7665.0,7470.0,7640.0,1.8,275721.0,192751.0,195.0
2018/11/01,7600.0,7645.0,7455.0,7640.0,0.0,819226.0,1558311.0,190.0
2018/11/02,7530.0,7545.0,7180.0,7180.0,-6.02,4646355.0,2409795.0,365.0
2018/11/05,7230.0,7315.0,7145.0,7170.0,-0.14,264524.0,454360.0,170.0
2018/11/06,7145.0,7325.0,7130.0,7190.0,0.28,966814.0,1151929.0,195.0
2018/11/07,7190.0,7330.0,7115.0,7310.0,1.67,362738.0,287289.0,215.0
2018/11/08,7170.0,7275.0,7155.0,7225.0,-1.16,1500330.0,694704.0,120.0
2018/11/09,7235.0,7435.0,7225.0,7365.0,1.94,438061.0,157793.0,210.0
2018/11/12,7480.0,7625.0,7450.0,7620.0,3.46,1255147.0,853773.0,175.0
2018/11/13,7795.0,7865.0,7560.0,7605.0,-0.2,1820346.0,1630366.0,305.0
2018/11/14,7645.0,7725.0,7440.0,7605.0,0.0,2039548.0,1356085.0,285.0
2018/11/15,7590.0,7655.0,7390.0,7390.0,-2.83,1746081.0,813117.0,265.0
2018/11/16,7360.0,7410.0,7250.0,7290.0,-1.35,1617562.0,133605.0,160.0
2018/11/19,7280.0,7290.0,7105.0,7110.0,-2.47,2539910.0,1991097.0,185.0
2018/11/20,7225.0,7300.0,7190.0,7295.0,2.6,470753.0,1345772.0,110.0
2018/11/21,7410.0,7490.0,7210.0,7210.0,-1.17,1229666.0,1591263.0,280.0
2018/11/22,7210.0,7290.0,7170.0,7215.0,0.07,603635.0,116777.0,120.0
2018/11/23,7225.0,7345.0,7180.0,7330.0,1.59,960875.0,1436857.0,165.0
2018/11/26,7315.0,7325.0,7120.0,7150.0,-2.46,2306486.0,353480.0,205.0
2018/11/27,7125.0,7210.0,7075.0,7115.0,-0.49,256586.0,1993150.0,135.0
2018/11/28,7100.0,7160.0,7080.0,7125.0,0.14,847490.0,2990617.0,80.0
2018/11/29,7000.0,7235.0,6975.0,7230.0,1.47,77627.0,2325045.0,260.0
2018/11/30,7210.0,7260.0,7165.0,7200.0,-0.41,292666.0,278023.0,95.0
2018/12/03,7075.0,7120.0,6955.0,6955.0,-3.4,154928.0,391670.0,165.0
2018/12/04,6995.0,7085.0,6965.0,7020.0,0.93,1555542.0,291571.0,120.0
2018/12/05,7180.0,7185.0,7075.0,7110.0,1.28,564193.0,744092.0,110.0
2018/12/06,7155.0,7365.0,7140.0,7355.0,3.45,38627.0,16199.0,225.0
2018/12/07,7265.0,7335.0,7200.0,7235.0,-1.63,481517.0,115554.0,135.0
2018/12/10,7365.0,7420.0,7285.0,7390.0,2.14,665694.0,898699.0,135.0
2018/12/11,7350.0,7500.0,7345.0,7500.0,1.49,1779859.0,1892776.0,155.0
2018/12/12,7470.0,7470.0,7240.0,7260.0,-3.2,1857800.0,172408.0,230.0
2018/12/13,7265.0,7340.0,7225.0,7255.0,-0.07,826227.0,935046.0,115.0
2018/12/14,7285.0,7500.0,7275.0,7470.0,2.96,1612308.0,2343498.0,225.0
2018/12/17,7445.0,7650.0,7435.0,7485.0,0.2,557665.0,1320935.0,215.0
2018/12/18,7600.0,7625.0,7450.0,7515.0,0.4,1588950.0,161368.0,175.0
2018/12/19,7510.0,7540.0,7275.0,7310.0,-2.73,2509870.0,1999325.0,265.0
2018/12/20,7400.0,7425.0,7230.0,7360.0,0.68,2089795.0,274031.0,195.0
2018/12/21,7390.0,7400.0,7260.0,7260.0,-1.36,1754213.0,1739928.0,140.0
2018/12/24,7305.0,7345.0,7240.0,7290.0,0.41,764512.0,1825279.0,105.0
2018/12/26,7410.0,7430.0,7225.0,7235.0,-0.75,1261481.0,29256.0,205.0
2018/12/27,7080.0,7275.0,7050.0,7245.0,0.14,2931444.0,4280648.0,225.0
2018/12/28,7230.0,7330.0,7205.0,7240.0,-0.07,132983.0,2618939.0,125.0
2019/01/02,7190.0,7400.0,7175.0,7380.0,1.93,342378.0,347104.0,225.0
2019/01/03,7370.0,7575.0,7340.0,7575.0,2.64,51012.0,557134.0,235.0
2019/01/04,7575.0,7670.0,7445.0,7445.0,-1.72,429542.0,178482.0,225.0
2019/01/07,7350.0,7455.0,7300.0,7375.0,-0.94,25644.0,820948.0,155.0
2019/01/08,7385.0,7495.0,7370.0,7450.0,1.02,413641.0,351850.0,125.0
2019/01/09,7420.0,7440.0,7310.0,7360.0,-1.21,847687.0,1148099.0,130.0
2019/01/10,7380.0,7400.0,7260.0,7320.0,-0.54,1474728.0,784528.0,140.0
2019/01/11,7305.0,7350.0,7280.0,7310.0,-0.14,627095.0,1804625.0,70.0
2019/01/14,7325.0,7425.0,7320.0,7415.0,1.44,498095.0,405918.0,105.0
2019/01/15,7395.0,7415.0,7300.0,7330.0,-1.15,699363.0,1026836.0,115.0
2019/01/16,7330.0,7420.0,7325.0,7350.0,0.27,282272.0,344541.0,95.0
2019/01/17,7340.0,7465.0,7315.0,7465.0,1.56,779895.0,750344.0,150.0
2019/01/18,7425.0,7440.0,7330.0,7335.0,-1.74,390399.0,475268.0,110.0
2019/01/21,7335.0,7420.0,7325.0,7385.0,0.68,123182.0,528398.0,95.0
2019/01/22,7380.0,7430.0,7360.0,7390.0,0.07,371121.0,354074.0,70.0
2019/01/23,7430.0,7440.0,7385.0,7410.0,0.27,670757.0,1524334.0,55.0
2019/01/24,7425.0,7430.0,7275.0,7295.0,-1.55,1535329.0,653363.0,155.0
2019/01/25,7300.0,7320.0,7175.0,7215.0,-1.1,652653.0,410995.0,145.0
2019/01/28,7220.0,7220.0,7110.0,7165.0,-0.69,833299.0,998349.0,110.0
2019/01/29,7185.0,7265.0,7155.0,7165.0,0.0,747289.0,111623.0,110.0
2019/01/30,7170.0,7190.0,7075.0,7110.0,-0.77,552765.0,812843.0,115.0
2019/01/31,7070.0,7105.0,7005.0,7065.0,-0.63,26490.0,153259.0,100.0
2019/02/01,7065.0,7100.0,7035.0,7060.0,-0.07,199499.0,83792.0,65.0
2019/02/07,7025.0,7070.0,6910.0,6915.0,-2.05,1273452.0,364441.0,160.0
2019/02/08,6960.0,6985.0,6905.0,6940.0,0.36,974849.0,649009.0,80.0
2019/02/11,6925.0,6935.0,6850.0,6860.0,-1.15,717403.0,926224.0,85.0
2019/02/12,6860.0,6935.0,6845.0,6910.0,0.73,1914526.0,1830785.0,90.0
2019/02/13,6880.0,6890.0,6780.0,6805.0,-1.52,148301.0,20822.0,110.0
2019/02/14,6815.0,6855.0,6785.0,6805.0,0.0,302776.0,10388.0,70.0
2019/02/15,6820.0,6900.0,6790.0,6840.0,0.51,779216.0,983576.0,110.0
2019/02/18,6800.0,6815.0,6730.0,6770.0,-1.02,682053.0,765439.0,85.0
2019/02/19,6775.0,6830.0,6715.0,6730.0,-0.59,838331.0,858176.0,115.0
2019/02/20,6725.0,6745.0,6675.0,6700.0,-0.45,25832.0,128357.0,70.0
2019/02/21,6710.0,6770.0,6685.0,6740.0,0.6,97052.0,90186.0,85.0
2019/02/22,6760.0,6825.0,6745.0,6770.0,0.45,54764.0,334175.0,80.0
2019/02/25,6750.0,6765.0,6695.0,6700.0,-1.03,503126.0,790293.0,70.0
2019/02/26,6705.0,6750.0,6660.0,6725.0,0.37,761081.0,823226.0,90.0
2019/02/27,6725.0,6740.0,6665.0,6665.0,-0.89,294783.0,14473.0,75.0
2019/02/28,6660.0,6820.0,6575.0,6805.0,2.1,805573.0,979521.0,245.0
2019/03/04,6725.0,6730.0,6585.0,6605.0,-2.94,1482050.0,594224.0,145.0
2019/03/05,6630.0,6650.0,6555.0,6615.0,0.15,1436079.0,169789.0,95.0
2019/03/06,6610.0,6740.0,6600.0,6690.0,1.13,927108.0,800660.0,140.0
2019/03/07,6715.0,6845.0,6665.0,6825.0,2.02,59443.0,544141.0,180.0
2019/03/08,6870.0,6910.0,6790.0,6830.0,0.07,2848789.0,4777595.0,120.0
2019/03/11,6830.0,6905.0,6745.0,6745.0,-1.24,1219049.0,555172.0,160.0
2019/03/12,6675.0,6675.0,6535.0,6555.0,-2.82,1150423.0,914085.0,140.0
2019/03/13,6560.0,6615.0,6520.0,6570.0,0.23,293157.0,451559.0,95.0
2019/03/14,6545.0,6635.0,6500.0,6635.0,0.99,487382.0,642792.0,135.0
2019/03/15,6635.0,6770.0,6625.0,6725.0,1.36,1656562.0,2401561.0,145.0
2019/03/18,6685.0,6755.0,6635.0,6700.0,-0.37,242902.0,235167.0,120.0
2019/03/19,6685.0,6795.0,6650.0,6790.0,1.34,37841.0,116144.0,145.0
2019/03/20,6780.0,6875.0,6770.0,6770.0,-0.29,217427.0,238424.0,105.0
2019/03/21,6780.0,6880.0,6725.0,6855.0,1.26,212510.0,1110771.0,155.0
2019/03/22,6830.0,6890.0,6810.0,6840.0,-0.22,346647.0,270103.0,80.0
2019/03/25,6950.0,7025.0,6905.0,7025.0,2.7,594036.0,2517794.0,120.0
2019/03/26,6985.0,7020.0,6905.0,6930.0,-1.35,2157700.0,1732800.0,115.0
2019/03/27,6925.0,7045.0,6915.0,7030.0,1.44,286720.0,1760419.0,130.0
2019/03/28,7065.0,7130.0,7030.0,7120.0,1.28,327440.0,3446440.0,100.0
2019/03/29,7095.0,7145.0,6960.0,6960.0,-2.25,186316.0,823875.0,185.0
2019/04/01,6985.0,7015.0,6895.0,6935.0,-0.36,355324.0,3096522.0,120.0
2019/04/02,6895.0,6950.0,6895.0,6915.0,-0.29,200141.0,1508159.0,55.0
2019/04/03,6905.0,6925.0,6790.0,6790.0,-1.81,1200949.0,936334.0,135.0
2019/04/04,6795.0,6870.0,6760.0,6805.0,0.22,113048.0,43619.0,110.0
2019/04/05,6815.0,6875.0,6780.0,6850.0,0.66,776265.0,1185089.0,95.0
2019/04/08,6835.0,6905.0,6800.0,6870.0,0.29,668638.0,769510.0,105.0
2019/04/09,6860.0,6920.0,6815.0,6840.0,-0.44,83289.0,47143.0,105.0
2019/04/10,6865.0,6880.0,6795.0,6805.0,-0.51,1577811.0,643307.0,85.0
2019/04/11,6800.0,6810.0,6730.0,6760.0,-0.66,174556.0,250423.0,80.0
2019/04/12,6780.0,6805.0,6730.0,6765.0,0.07,611809.0,519187.0,75.0
2019/04/15,6755.0,6805.0,6745.0,6775.0,0.15,983574.0,903338.0,60.0
2019/04/16,6775.0,6840.0,6765.0,6765.0,-0.15,465054.0,502209.0,75.0
2019/04/17,6765.0,6800.0,6750.0,6765.0,0.0,46363.0,11020.0,50.0
2019/04/18,6780.0,6955.0,6780.0,6925.0,2.37,986521.0,1155286.0,175.0
2019/04/19,6890.0,6900.0,6820.0,6820.0,-1.52,1001710.0,993096.0,80.0
2019/04/22,6815.0,6865.0,6770.0,6815.0,-0.07,991400.0,859074.0,95.0
2019/04/23,6820.0,6880.0,6800.0,6820.0,0.07,979627.0,943355.0,80.0
2019/04/24,6785.0,6915.0,6780.0,6865.0,0.66,470045.0,444648.0,135.0
2019/04/25,6885.0,6940.0,6875.0,6925.0,0.87,22477.0,20118.0,65.0
2019/04/26,6960.0,7020.0,6930.0,7005.0,1.16,947870.0,810512.0,90.0
2019/04/29,6985.0,7015.0,6895.0,6895.0,-1.57,254672.0,422485.0,120.0
2019/05/07,6955.0,7010.0,6905.0,6970.0,1.38,927133.0,832243.0,105.0
2019/05/08,7060.0,7070.0,6985.0,7070.0,1.43,126993.0,1922693.0,85.0
2019/05/09,7065.0,7285.0,7050.0,7265.0,2.76,871249.0,1270759.0,235.0
2019/05/10,7250.0,7385.0,7170.0,7285.0,0.28,870448.0,936173.0,215.0
2019/05/13,7325.0,7485.0,7280.0,7485.0,2.75,450885.0,196177.0,205.0
2019/05/14,7585.0,7585.0,7385.0,7480.0,-0.07,333286.0,3976474.0,200.0
2019/05/15,7435.0,7480.0,7260.0,7265.0,-2.87,3740446.0,3636402.0,220.0
2019/05/16,7260.0,7415.0,7240.0,7395.0,1.79,190002.0,2039360.0,175.0
2019/05/17,7340.0,7480.0,7280.0,7450.0,0.74,791104.0,493834.0,200.0
2019/05/20,7430.0,7625.0,7400.0,7600.0,2.01,328979.0,1511087.0,225.0
2019/05/21,7615.0,7635.0,7520.0,7585.0,-0.2,999388.0,1076782.0,115.0
2019/05/22,7550.0,7615.0,7515.0,7565.0,-0.26,653118.0,762886.0,100.0
2019/05/23,7565.0,7725.0,7565.0,7710.0,1.92,954558.0,975313.0,160.0
2019/05/24,7740.0,7840.0,7690.0,7785.0,0.97,677216.0,493362.0,150.0
2019/05/27,7785.0,7860.0,7710.0,7790.0,0.06,408415.0,836583.0,150.0
2019/05/28,7785.0,7800.0,7610.0,7610.0,-2.31,2299025.0,1970814.0,190.0
2019/05/29,7660.0,7815.0,7645.0,7785.0,2.3,1079425.0,2481735.0,170.0
2019/05/30,7780.0,7850.0,7715.0,7785.0,0.0,282467.0,825520.0,135.0
2019/05/31,7825.0,7845.0,7620.0,7685.0,-1.28,2629553.0,596763.0,225.0
2019/06/03,7735.0,7750.0,7640.0,7645.0,-0.52,231399.0,414965.0,110.0
2019/06/04,7665.0,7680.0,7605.0,7630.0,-0.2,417680.0,970330.0,75.0
2019/06/05,7550.0,7630.0,7540.0,7590.0,-0.52,550145.0,1173436.0,90.0
2019/06/07,7575.0,7625.0,7525.0,7545.0,-0.59,116443.0,1044920.0,100.0
2019/06/10,7515.0,7570.0,7490.0,7500.0,-0.6,409593.0,480936.0,80.0
2019/06/11,7505.0,7515.0,7395.0,7405.0,-1.27,713462.0,144973.0,120.0
2019/06/12,7425.0,7510.0,7415.0,7475.0,0.95,404998.0,25524.0,95.0
2019/06/13,7480.0,7555.0,7405.0,7440.0,-0.47,618874.0,571873.0,150.0
2019/06/14,7445.0,7575.0,7440.0,7555.0,1.55,914801.0,615901.0,135.0
2019/06/17,7540.0,7615.0,7535.0,7600.0,0.6,95421.0,80859.0,80.0
2019/06/18,7590.0,7715.0,7560.0,7690.0,1.18,801247.0,815862.0,155.0
2019/06/19,7620.0,7675.0,7585.0,7625.0,-0.85,656550.0,1086802.0,90.0
2019/06/20,7615.0,7620.0,7495.0,7510.0,-1.51,1224663.0,780626.0,125.0
2019/06/21,7515.0,7615.0,7500.0,7590.0,1.07,990917.0,622525.0,115.0
2019/06/24,7570.0,7670.0,7570.0,7645.0,0.72,426492.0,612357.0,100.0
2019/06/25,7630.0,7755.0,7630.0,7700.0,0.72,399470.0,582623.0,125.0
2019/06/26,7720.0,7755.0,7630.0,7715.0,0.19,785683.0,1173495.0,125.0
2019/06/27,7720.0,7985.0,7665.0,7955.0,3.11,1615179.0,1268633.0,320.0
2019/06/28,7980.0,8155.0,7935.0,8140.0,2.33,541108.0,292472.0,220.0
2019/07/01,8035.0,8060.0,7895.0,7905.0,-2.89,425814.0,128834.0,165.0
2019/07/02,7935.0,8040.0,7885.0,7990.0,1.08,117729.0,574358.0,155.0
2019/07/03,7985.0,8065.0,7950.0,7995.0,0.06,608816.0,257424.0,115.0
2019/07/04,8005.0,8170.0,7985.0,8050.0,0.69,835405.0,1415533.0,185.0
2019/07/05,8045.0,8120.0,7960.0,7960.0,-1.12,558789.0,634274.0,160.0
2019/07/08,8025.0,8240.0,8005.0,8235.0,3.45,52410.0,291731.0,235.0
2019/07/09,8205.0,8430.0,8160.0,8420.0,2.25,518996.0,818503.0,270.0
2019/07/10,8365.0,8430.0,8235.0,8350.0,-0.83,221815.0,13997.0,195.0
2019/07/11,8335.0,8365.0,8195.0,8215.0,-1.62,890434.0,678845.0,170.0
2019/07/12,8240.0,8290.0,8130.0,8200.0,-0.18,2217.0,134052.0,160.0
2019/07/15,8215.0,8325.0,8195.0,8255.0,0.67,381610.0,426067.0,130.0
2019/07/16,8270.0,8300.0,8155.0,8220.0,-0.42,72431.0,83458.0,145.0
2019/07/17,8250.0,8365.0,8245.0,8315.0,1.16,302083.0,428086.0,120.0
2019/07/18,8350.0,8410.0,8275.0,8350.0,0.42,596549.0,357185.0,135.0
2019/07/19,8310.0,8310.0,8170.0,8170.0,-2.16,532066.0,468957.0,140.0
2019/07/22,8205.0,8235.0,8155.0,8180.0,0.12,166756.0,222747.0,80.0
2019/07/23,8180.0,8290.0,8130.0,8255.0,0.92,774048.0,666730.0,160.0
2019/07/24,8260.0,8340.0,8185.0,8335.0,0.97,393543.0,318630.0,155.0
2019/07/25,8325.0,8465.0,8295.0,8415.0,0.96,222116.0,84118.0,170.0
2019/07/26,8450.0,8570.0,8420.0,8510.0,1.13,395740.0,526440.0,150.0
2019/07/29,8535.0,8800.0,8525.0,8800.0,3.41,475255.0,415901.0,275.0
2019/07/30,8795.0,8795.0,8645.0,8755.0,-0.51,202109.0,93960.0,150.0
2019/07/31,8775.0,8990.0,8665.0,8695.0,-0.69,1205685.0,700433.0,325.0
2019/08/01,8745.0,8845.0,8640.0,8800.0,1.21,195724.0,48693.0,205.0
2019/08/02,9150.0,9155.0,8970.0,9150.0,3.98,829490.0,690986.0,185.0
2019/08/05,9205.0,9915.0,9205.0,9915.0,8.36,1156999.0,553272.0,710.0
2019/08/06,10365.0,10430.0,9610.0,10095.0,1.82,1328656.0,780533.0,820.0
2019/08/07,9845.0,10160.0,9610.0,9865.0,-2.28,735567.0,250748.0,550.0
2019/08/08,9750.0,9840.0,9515.0,9515.0,-3.55,1434690.0,216198.0,325.0
2019/08/09,9490.0,9645.0,9445.0,9555.0,0.42,871731.0,825379.0,200.0
2019/08/12,9580.0,9695.0,9510.0,9550.0,-0.05,624926.0,678549.0,185.0
2019/08/13,9650.0,9720.0,9635.0,9670.0,1.26,16671.0,285049.0,85.0
2019/08/14,9445.0,9560.0,9445.0,9485.0,-1.91,537088.0,56898.0,115.0
2019/08/16,9605.0,9645.0,9505.0,9540.0,0.58,381759.0,677009.0,140.0
2019/08/19,9500.0,9570.0,9445.0,9480.0,-0.63,459009.0,603115.0,125.0
2019/08/20,9475.0,9520.0,9210.0,9230.0,-2.64,621333.0,895515.0,310.0
2019/08/21,9290.0,9315.0,9040.0,9055.0,-1.9,819005.0,143192.0,275.0
2019/08/22,9020.0,9160.0,9000.0,9115.0,0.66,569564.0,719124.0,160.0
2019/08/23,9215.0,9235.0,9100.0,9190.0,0.82,910785.0,714580.0,135.0
2019/08/26,9460.0,9695.0,9395.0,9670.0,5.22,258382.0,174913.0,300.0
2019/08/27,9535.0,9600.0,9435.0,9580.0,-0.93,1141277.0,681364.0,165.0
2019/08/28,9575.0,9580.0,9180.0,9180.0,-4.18,2219112.0,1453245.0,400.0
2019/08/29,9190.0,9340.0,9090.0,9225.0,0.49,348297.0,176182.0,250.0
2019/08/30,9075.0,9105.0,9000.0,9055.0,-1.84,886093.0,1190660.0,105.0
2019/09/02,9085.0,9100.0,8830.0,8855.0,-2.21,533127.0,705536.0,270.0
2019/09/03,8885.0,8910.0,8785.0,8905.0,0.56,567454.0,533500.0,125.0
2019/09/04,8925.0,8935.0,8745.0,8750.0,-1.74,127995.0,68041.0,190.0
2019/09/05,8710.0,8730.0,8630.0,8690.0,-0.69,917534.0,1139438.0,100.0
2019/09/06,8640.0,8760.0,8620.0,8715.0,0.29,106833.0,374958.0,140.0
2019/09/09,8695.0,8815.0,8655.0,8780.0,0.75,465169.0,487775.0,160.0
2019/09/10,8760.0,8910.0,8735.0,8860.0,0.91,931339.0,962877.0,175.0
2019/09/11,8820.0,8845.0,8665.0,8690.0,-1.92,514933.0,695501.0,180.0
2019/09/16,8655.0,8750.0,8515.0,8525.0,-1.9,452280.0,589887.0,235.0
2019/09/17,8545.0,8590.0,8380.0,8465.0,-0.7,923002.0,564121.0,210.0
2019/09/18,8435.0,8525.0,8405.0,8500.0,0.41,17264.0,139411.0,120.0
2019/09/19,8495.0,8590.0,8390.0,8505.0,0.06,59378.0,105885.0,200.0
2019/09/20,8515.0,8545.0,8450.0,8480.0,-0.29,78062.0,6050.0,95.0
2019/09/23,8500.0,8590.0,8485.0,8550.0,0.83,193397.0,388332.0,105.0
2019/09/24,8740.0,8880.0,8650.0,8850.0,3.51,262196.0,1010964.0,230.0
2019/09/25,8885.0,9060.0,8775.0,8985.0,1.53,108911.0,463423.0,285.0
2019/09/26,8870.0,9005.0,8760.0,8855.0,-1.45,785159.0,772362.0,245.0
2019/09/27,8875.0,9005.0,8865.0,8905.0,0.56,807296.0,963605.0,140.0
2019/09/30,8885.0,9065.0,8860.0,8940.0,0.39,208836.0,54423.0,205.0
2019/10/01,8915.0,8935.0,8650.0,8665.0,-3.08,1431174.0,725694.0,285.0
2019/10/02,8755.0,8825.0,8685.0,8820.0,1.79,339146.0,191138.0,140.0
2019/10/04,8835.0,8925.0,8695.0,8795.0,-0.28,1825020.0,86813.0,230.0
2019/10/07,8700.0,8705.0,8420.0,8465.0,-3.75,1290489.0,950410.0,285.0
2019/10/08,8455.0,8565.0,8350.0,8375.0,-1.06,901957.0,687443.0,215.0
2019/10/10,8460.0,8520.0,8375.0,8405.0,0.36,471719.0,409404.0,145.0
2019/10/11,8340.0,8470.0,8320.0,8455.0,0.59,671295.0,1261419.0,150.0
2019/10/14,8305.0,8380.0,8215.0,8280.0,-2.07,1300.0,117910.0,165.0
2019/10/15,8305.0,8315.0,8160.0,8205.0,-0.91,290644.0,420813.0,155.0
2019/10/16,8150.0,8175.0,8115.0,8135.0,-0.85,338157.0,293772.0,60.0
2019/10/17,8140.0,8275.0,8105.0,8220.0,1.04,432370.0,670240.0,170.0
2019/10/18,8200.0,8325.0,8185.0,8295.0,0.91,547731.0,414035.0,140.0
2019/10/21,8295.0,8310.0,8125.0,8125.0,-2.05,2330942.0,1811466.0,185.0
2019/10/22,8070.0,8080.0,7795.0,7930.0,-2.4,762653.0,725540.0,285.0
2019/10/23,7925.0,7945.0,7690.0,7700.0,-2.9,5072597.0,3308809.0,255.0
2019/10/24,7665.0,7985.0,7655.0,7745.0,0.58,410241.0,1614286.0,330.0
2019/10/25,7785.0,7960.0,7780.0,7955.0,2.71,1095442.0,2177416.0,180.0
2019/10/28,7915.0,8015.0,7865.0,7970.0,0.19,46861.0,2234634.0,150.0
2019/10/29,7890.0,7985.0,7835.0,7850.0,-1.51,2135419.0,275535.0,150.0
2019/10/30,7835.0,7915.0,7810.0,7880.0,0.38,1310401.0,219727.0,105.0
2019/10/31,7830.0,7890.0,7755.0,7855.0,-0.32,906774.0,1407189.0,135.0
2019/11/01,7890.0,7915.0,7785.0,7785.0,-0.89,280425.0,607353.0,130.0
2019/11/04,7720.0,7760.0,7670.0,7700.0,-1.09,912408.0,1352210.0,90.0
2019/11/05,7700.0,7760.0,7620.0,7620.0,-1.04,791755.0,844557.0,140.0
2019/11/06,7640.0,7755.0,7620.0,7745.0,1.64,710075.0,638119.0,135.0
2019/11/07,7775.0,7850.0,7745.0,7790.0,0.58,248928.0,162385.0,105.0
2019/11/08,7750.0,7870.0,7730.0,7810.0,0.26,197245.0,115528.0,140.0
2019/11/11,7805.0,7930.0,7800.0,7910.0,1.28,971134.0,1092448.0,130.0
2019/11/12,7900.0,7920.0,7810.0,7825.0,-1.07,392270.0,519615.0,110.0
2019/11/13,7860.0,7965.0,7835.0,7940.0,1.47,270344.0,219362.0,130.0
2019/11/14,7920.0,7970.0,7860.0,7910.0,-0.38,468015.0,665901.0,110.0
2019/11/15,7915.0,7965.0,7775.0,7775.0,-1.71,309061.0,489073.0,190.0
2019/11/18,7765.0,7850.0,7740.0,7790.0,0.19,238150.0,209367.0,110.0
2019/11/19,7800.0,7965.0,7800.0,7945.0,1.99,347396.0,418521.0,165.0
2019/11/20,7970.0,8170.0,7935.0,8155.0,2.64,347769.0,653532.0,235.0
2019/11/21,8150.0,8390.0,8145.0,8320.0,2.02,132401.0,2181052.0,245.0
2019/11/22,8325.0,8445.0,8260.0,8345.0,0.3,838960.0,900879.0,185.0
2019/11/25,8270.0,8280.0,8110.0,8120.0,-2.7,131042.0,73873.0,170.0
2019/11/26,8040.0,8105.0,7995.0,8075.0,-0.55,482901.0,567892.0,110.0
2019/11/27,8050.0,8170.0,8035.0,8120.0,0.56,331296.0,480205.0,135.0
2019/11/28,8160.0,8280.0,8125.0,8280.0,1.97,231460.0,137290.0,155.0
2019/11/29,8270.0,8460.0,8225.0,8400.0,1.45,500141.0,454631.0,235.0
2019/12/02,8350.0,8400.0,8255.0,8315.0,-1.01,554402.0,713591.0,145.0
2019/12/03,8420.0,8485.0,8375.0,8450.0,1.62,866127.0,875337.0,110.0
2019/12/04,8545.0,8560.0,8445.0,8480.0,0.36,269813.0,19810.0,115.0
2019/12/05,8420.0,8655.0,8415.0,8560.0,0.94,840402.0,1269540.0,240.0
2019/12/06,8555.0,8560.0,8385.0,8390.0,-1.99,437732.0,473984.0,175.0
2019/12/09,8360.0,8460.0,8345.0,8390.0,0.0,312657.0,417948.0,115.0
2019/12/10,8430.0,8490.0,8400.0,8425.0,0.42,369335.0,523668.0,90.0
2019/12/11,8455.0,8470.0,8375.0,8445.0,0.24,616532.0,709499.0,95.0
2019/12/12,8415.0,8420.0,8185.0,8250.0,-2.31,759482.0,677153.0,235.0
2019/12/13,8135.0,8210.0,8080.0,8165.0,-1.03,999846.0,1441328.0,130.0
2019/12/16,8165.0,8230.0,8150.0,8200.0,0.43,401636.0,340849.0,80.0
2019/12/17,8165.0,8185.0,8065.0,8065.0,-1.65,437951.0,517426.0,120.0
2019/12/18,8065.0,8140.0,8040.0,8120.0,0.68,73827.0,121641.0,100.0
2019/12/19,8100.0,8180.0,8015.0,8080.0,-0.49,720753.0,657884.0,165.0
2019/12/20,8040.0,8100.0,8020.0,8035.0,-0.56,447502.0,428772.0,80.0
2019/12/23,8025.0,8025.0,7935.0,7960.0,-0.93,786855.0,807204.0,90.0
2019/12/24,7965.0,8110.0,7960.0,8090.0,1.63,248252.0,70.0,150.0
2019/12/26,8090.0,8130.0,7875.0,7880.0,-2.6,1116061.0,745645.0,255.0
2019/12/27,7840.0,7880.0,7695.0,7740.0,-1.78,14593.0,19207.0,185.0
2019/12/30,7745.0,7755.0,7605.0,7610.0,-1.68,622166.0,660936.0,150.0
2020/01/02,7590.0,7725.0,7575.0,7605.0,-0.07,1105579.0,994187.0,150.0
2020/01/03,7555.0,7750.0,7530.0,7725.0,1.58,944860.0,1033038.0,220.0
2020/01/06,7850.0,7960.0,7825.0,7960.0,3.04,166367.0,450947.0,135.0
2020/01/07,7885.0,7910.0,7765.0,7790.0,-2.14,471421.0,736063.0,145.0
2020/01/08,7900.0,8085.0,7880.0,8060.0,3.47,42282.0,297858.0,205.0
2020/01/09,7810.0,7850.0,7695.0,7695.0,-4.53,1194780.0,663380.0,155.0
2020/01/10,7665.0,7750.0,7625.0,7625.0,-0.91,195053.0,336290.0,125.0
2020/01/13,7635.0,7655.0,7560.0,7575.0,-0.66,69530.0,207297.0,95.0
2020/01/14,7540.0,7620.0,7455.0,7600.0,0.33,164804.0,253381.0,165.0
2020/01/15,7640.0,7660.0,7575.0,7625.0,0.33,765610.0,978514.0,85.0
2020/01/16,7645.0,7660.0,7530.0,7540.0,-1.11,714055.0,763684.0,130.0
2020/01/17,7495.0,7570.0,7470.0,7545.0,0.07,390482.0,449010.0,100.0
2020/01/20,7530.0,7635.0,7490.0,7610.0,0.86,597762.0,619893.0,145.0
2020/01/21,7615.0,7755.0,7590.0,7720.0,1.45,375930.0,209710.0,165.0
2020/01/22,7725.0,7730.0,7550.0,7550.0,-2.2,358413.0,148826.0,180.0
2020/01/23,7600.0,7670.0,7575.0,7625.0,0.99,12020.0,229954.0,95.0
2020/01/28,7930.0,7975.0,7855.0,7915.0,3.8,642133.0,1292629.0,120.0
2020/01/29,7825.0,7920.0,7780.0,7820.0,-1.2,1035962.0,693958.0,140.0
2020/01/30,7830.0,8035.0,7795.0,7995.0,2.24,776460.0,837301.0,240.0
2020/01/31,7940.0,8155.0,7845.0,8130.0,1.69,192330.0,53027.0,310.0
2020/02/03,8230.0,8275.0,7985.0,8010.0,-1.48,123402.0,1250.0,290.0
2020/02/04,8000.0,8005.0,7850.0,7850.0,-2.0,1229635.0,860648.0,155.0
2020/02/05,7785.0,7930.0,7750.0,7870.0,0.25,256567.0,291597.0,180.0
2020/02/06,7780.0,7820.0,7685.0,7695.0,-2.22,197274.0,307715.0,135.0
2020/02/07,7725.0,7780.0,7675.0,7705.0,0.13,990579.0,869642.0,105.0
2020/02/10,7770.0,7800.0,7640.0,7650.0,-0.71,751835.0,879769.0,160.0
2020/02/11,7630.0,7640.0,7550.0,7570.0,-1.05,751036.0,1118302.0,90.0
2020/02/12,7580.0,7610.0,7515.0,7535.0,-0.46,1065934.0,766693.0,95.0
2020/02/13,7515.0,7615.0,7480.0,7540.0,0.07,1572399.0,525200.0,135.0
2020/02/14,7560.0,7600.0,7490.0,7560.0,0.27,598430.0,1198336.0,110.0
2020/02/17,7565.0,7580.0,7505.0,7525.0,-0.46,539135.0,598060.0,75.0
2020/02/18,7555.0,7660.0,7540.0,7645.0,1.59,13241.0,161977.0,120.0
2020/02/19,7605.0,7760.0,7585.0,7625.0,-0.26,547119.0,1412680.0,175.0
2020/02/20,7580.0,7745.0,7580.0,7675.0,0.66,785302.0,775363.0,165.0
2020/02/21,7800.0,7890.0,7720.0,7870.0,2.54,98131.0,108760.0,170.0
2020/02/24,8045.0,8220.0,7980.0,8195.0,4.13,1295359.0,2991923.0,240.0
2020/02/25,8180.0,8250.0,7890.0,7895.0,-3.66,429687.0,132833.0,360.0
2020/02/26,8070.0,8090.0,7840.0,7885.0,-0.13,1411334.0,383925.0,250.0
2020/02/27,7900.0,8115.0,7770.0,8025.0,1.78,738362.0,650683.0,345.0
2020/02/28,8145.0,8370.0,8100.0,8325.0,3.74,3691608.0,4062192.0,270.0
2020/03/02,8225.0,8380.0,8060.0,8065.0,-3.12,2845043.0,1577558.0,320.0
2020/03/03,7860.0,8125.0,7855.0,8105.0,0.5,293229.0,656111.0,270.0
2020/03/04,8160.0,8180.0,7950.0,7970.0,-1.67,400924.0,168169.0,230.0
2020/03/05,7895.0,7965.0,7835.0,7860.0,-1.38,2409031.0,1525227.0,130.0
2020/03/06,7935.0,8040.0,7905.0,7940.0,1.02,742900.0,254360.0,135.0
2020/03/09,8125.0,8275.0,8050.0,8250.0,3.9,1789249.0,2173081.0,225.0
2020/03/10,8245.0,8345.0,8090.0,8090.0,-1.94,2900755.0,3406119.0,255.0
2020/03/11,8100.0,8490.0,8090.0,8455.0,4.51,898293.0,66773.0,400.0
2020/03/12,8510.0,8960.0,8460.0,8785.0,3.9,273214.0,3120584.0,500.0
2020/03/13,9425.0,9860.0,8785.0,9275.0,5.58,1385480.0,2852877.0,1075.0
2020/03/16,9100.0,9600.0,8970.0,9600.0,3.5,3540589.0,2012438.0,630.0
2020/03/17,9900.0,9935.0,9150.0,9165.0,-4.53,297458.0,163056.0,785.0
2020/03/18,9220.0,9760.0,8995.0,9760.0,6.49,351789.0,996743.0,765.0
2020/03/19,9280.0,10905.0,9210.0,10605.0,8.66,5459683.0,6867782.0,1695.0
2020/03/20,10205.0,10530.0,9575.0,9575.0,-9.71,2850911.0,1663619.0,955.0
2020/03/23,10080.0,10340.0,9800.0,10190.0,6.42,770092.0,540299.0,540.0
2020/03/24,9810.0,9900.0,9125.0,9170.0,-10.01,2590567.0,547260.0,775.0
2020/03/25,9000.0,9155.0,8760.0,8830.0,-3.71,952728.0,909992.0,395.0
2020/03/26,8835.0,8960.0,8360.0,8830.0,0.0,4418342.0,3479825.0,600.0
2020/03/27,8385.0,9020.0,8370.0,8685.0,-1.64,368212.0,478354.0,650.0
2020/03/30,8865.0,8910.0,8405.0,8445.0,-2.76,3628314.0,1290394.0,505.0
2020/03/31,8335.0,8400.0,7970.0,7970.0,-5.62,9503395.0,8820850.0,430.0
2020/04/01,8040.0,8295.0,7840.0,8295.0,4.08,1925036.0,1502702.0,455.0
2020/04/02,8200.0,8435.0,7970.0,7990.0,-3.68,2516454.0,2556814.0,465.0
2020/04/03,7995.0,8115.0,7900.0,7980.0,-0.13,3646044.0,1471343.0,215.0
2020/04/06,7860.0,7905.0,7625.0,7640.0,-4.26,576971.0,737282.0,280.0
2020/04/07,7530.0,7770.0,7520.0,7590.0,-0.65,1267420.0,82334.0,250.0
2020/04/08,7630.0,7720.0,7540.0,7655.0,0.86,2523993.0,1626755.0,180.0
2020/04/09,7545.0,7670.0,7535.0,7600.0,-0.72,3953520.0,2601885.0,135.0
2020/04/10,7600.0,7835.0,7575.0,7635.0,0.46,4974893.0,5673999.0,260.0
2020/04/13,7690.0,7830.0,7660.0,7830.0,2.55,2929125.0,1140946.0,170.0
2020/04/14,7730.0,7770.0,7570.0,7605.0,-2.87,2139897.0,1728242.0,200.0
2020/04/16,7685.0,7710.0,7405.0,7405.0,-2.63,3187950.0,3960354.0,305.0
2020/04/17,7250.0,7400.0,7250.0,7280.0,-1.69,4277575.0,5240550.0,150.0
2020/04/20,7300.0,7365.0,7235.0,7330.0,0.69,3295169.0,1728175.0,130.0
2020/04/21,7345.0,7650.0,7265.0,7400.0,0.95,2711478.0,2302943.0,385.0
2020/04/22,7505.0,7530.0,7290.0,7315.0,-1.15,1344731.0,750041.0,240.0
2020/04/23,7275.0,7340.0,7220.0,7270.0,-0.62,936639.0,820334.0,120.0
2020/04/24,7325.0,7430.0,7245.0,7390.0,1.65,954555.0,777388.0,185.0
2020/04/27,7335.0,7350.0,7205.0,7225.0,-2.23,208440.0,85398.0,145.0
2020/04/28,7215.0,7350.0,7180.0,7260.0,0.48,577829.0,927812.0,170.0
2020/04/29,7265.0,7315.0,7235.0,7280.0,0.28,357622.0,976949.0,80.0
2020/05/04,7415.0,7430.0,7250.0,7345.0,0.89,5445074.0,3561073.0,180.0
2020/05/06,7255.0,7300.0,7115.0,7120.0,-3.06,2549551.0,506812.0,185.0
2020/05/07,7150.0,7165.0,7020.0,7045.0,-1.05,244127.0,724218.0,145.0
2020/05/08,7000.0,7010.0,6820.0,6835.0,-2.98,3187790.0,1125344.0,190.0
2020/05/11,6805.0,6920.0,6735.0,6815.0,-0.29,4152439.0,2547067.0,185.0
2020/05/12,6800.0,6915.0,6785.0,6835.0,0.29,630860.0,1041191.0,130.0
2020/05/13,6925.0,6925.0,6735.0,6745.0,-1.32,1242556.0,1354882.0,190.0
2020/05/14,6800.0,6835.0,6725.0,6770.0,0.37,334076.0,543782.0,110.0
2020/05/15,6705.0,6825.0,6705.0,6755.0,-0.22,1977575.0,1815675.0,120.0
2020/05/18,6715.0,6855.0,6710.0,6820.0,0.96,216295.0,1056875.0,145.0
2020/05/19,6735.0,6840.0,6730.0,6750.0,-1.03,2806457.0,3752199.0,110.0
2020/05/20,6765.0,6770.0,6630.0,6650.0,-1.48,1923775.0,1894365.0,140.0
2020/05/21,6610.0,6635.0,6575.0,6590.0,-0.9,1886859.0,980781.0,60.0
2020/05/22,6585.0,6720.0,6580.0,6670.0,1.21,406448.0,560076.0,140.0
2020/05/25,6625.0,6700.0,6565.0,6565.0,-1.57,617628.0,261101.0,135.0
2020/05/26,6550.0,6590.0,6460.0,6460.0,-1.6,356535.0,1186739.0,130.0
2020/05/27,6510.0,6560.0,6460.0,6515.0,0.85,303000.0,113993.0,100.0
2020/05/28,6495.0,6765.0,6490.0,6670.0,2.38,613325.0,683279.0,275.0
2020/05/29,6710.0,6730.0,6565.0,6595.0,-1.12,3875185.0,2244922.0,165.0
2020/06/01,6575.0,6580.0,6280.0,6290.0,-4.62,5264844.0,3292890.0,300.0
2020/06/02,6290.0,6320.0,6175.0,6200.0,-1.43,875587.0,849140.0,145.0
2020/06/03,6150.0,6280.0,6090.0,6220.0,0.32,3712284.0,3172371.0,190.0
2020/06/04,6160.0,6270.0,6140.0,6190.0,-0.48,1602437.0,971752.0,130.0
2020/06/05,6190.0,6235.0,6090.0,6110.0,-1.29,375035.0,1052698.0,145.0
2020/06/08,6065.0,6140.0,6025.0,6070.0,-0.65,39676.0,517211.0,115.0
2020/06/09,6040.0,6145.0,6030.0,6060.0,-0.16,435084.0,430592.0,115.0
2020/06/10,6060.0,6085.0,5980.0,6005.0,-0.91,1638683.0,222432.0,105.0
2020/06/11,6010.0,6050.0,5905.0,6010.0,0.08,5476982.0,4245108.0,145.0
2020/06/12,6210.0,6220.0,6040.0,6090.0,1.33,1679773.0,1833847.0,180.0
2020/06/15,6120.0,6505.0,6090.0,6505.0,6.81,2790693.0,2385864.0,415.0
2020/06/16,6270.0,6295.0,6040.0,6045.0,-7.07,3129698.0,1706770.0,255.0
2020/06/17,6080.0,6215.0,5995.0,6070.0,0.41,985168.0,1190909.0,220.0
2020/06/18,6070.0,6135.0,6035.0,6085.0,0.25,1578389.0,1959598.0,100.0
2020/06/19,6045.0,6175.0,6035.0,6055.0,-0.49,215510.0,15820.0,140.0
2020/06/22,6080.0,6095.0,5925.0,5955.0,-1.65,5015252.0,4899254.0,170.0
2020/06/23,5900.0,6015.0,5850.0,5930.0,-0.42,878614.0,692192.0,165.0
2020/06/24,5885.0,5950.0,5820.0,5905.0,-0.42,1995222.0,2211045.0,130.0
2020/06/25,5985.0,6010.0,5910.0,5975.0,1.19,310001.0,367761.0,100.0
2020/06/26,5910.0,6025.0,5910.0,5945.0,-0.5,516824.0,383307.0,115.0
2020/06/29,6005.0,6115.0,5970.0,6095.0,2.52,756106.0,854571.0,145.0
2020/06/30,6010.0,6130.0,6010.0,6065.0,-0.49,940476.0,1376799.0,120.0
2020/07/01,6025.0,6190.0,6025.0,6165.0,1.65,722839.0,907958.0,165.0
2020/07/02,6125.0,6145.0,6030.0,6045.0,-1.95,2618012.0,2908767.0,115.0
2020/07/03,6030.0,6080.0,5950.0,5960.0,-1.41,2179570.0,1676744.0,130.0
2020/07/06,5950.0,5985.0,5900.0,5905.0,-0.92,1782665.0,2145129.0,85.0
2020/07/07,5875.0,5935.0,5835.0,5900.0,-0.08,1895638.0,875701.0,100.0
2020/07/08,5900.0,5920.0,5845.0,5860.0,-0.68,1765672.0,1730107.0,75.0
2020/07/09,5835.0,5850.0,5785.0,5820.0,-0.68,343308.0,588724.0,65.0
2020/07/10,5820.0,5885.0,5785.0,5815.0,-0.09,3017201.0,1693124.0,100.0
2020/07/13,5765.0,5825.0,5755.0,5760.0,-0.95,2729624.0,2932239.0,70.0
2020/07/14,5800.0,5830.0,5750.0,5790.0,0.52,1263528.0,502512.0,80.0
2020/07/15,5755.0,5830.0,5750.0,5765.0,-0.43,1615977.0,2530027.0,80.0
2020/07/16,5775.0,5900.0,5770.0,5835.0,1.21,800772.0,354782.0,130.0
2020/07/17,5835.0,5845.0,5755.0,5765.0,-1.2,1567007.0,1924083.0,90.0
2020/07/20,5755.0,5810.0,5730.0,5775.0,0.17,758663.0,864624.0,80.0
2020/07/21,5725.0,5745.0,5660.0,5695.0,-1.39,662930.0,1392905.0,85.0
2020/07/22,5690.0,5750.0,5660.0,5670.0,-0.44,1295655.0,584986.0,90.0
2020/07/23,5670.0,5700.0,5570.0,5585.0,-1.5,6233358.0,5463016.0,130.0
2020/07/24,5625.0,5685.0,5570.0,5640.0,0.98,263345.0,2125767.0,115.0
2020/07/27,5655.0,5655.0,5560.0,5595.0,-0.8,56047.0,1653409.0,95.0
2020/07/28,5560.0,5570.0,5500.0,5515.0,-1.43,757005.0,1297184.0,70.0
2020/07/29,5525.0,5570.0,5505.0,5525.0,0.18,164129.0,351274.0,65.0
2020/07/30,5505.0,5570.0,5500.0,5540.0,0.27,850105.0,1341959.0,70.0
2020/07/31,5515.0,5550.0,5500.0,5525.0,-0.27,2747004.0,1790259.0,50.0
2020/08/03,5510.0,5550.0,5425.0,5430.0,-1.72,2651741.0,2541400.0,125.0
2020/08/04,5405.0,5420.0,5375.0,5385.0,-0.83,356070.0,1662390.0,45.0
2020/08/05,5370.0,5380.0,5255.0,5255.0,-2.41,276320.0,516537.0,125.0
2020/08/06,5225.0,5265.0,5190.0,5205.0,-0.95,564625.0,1257389.0,75.0
2020/08/07,5185.0,5255.0,5170.0,5170.0,-0.67,681112.0,477972.0,85.0
2020/08/10,5165.0,5205.0,5135.0,5155.0,-0.29,1808673.0,1787694.0,70.0
2020/08/11,5160.0,5195.0,5145.0,5175.0,0.39,176903.0,1765957.0,50.0
2020/08/12,5205.0,5360.0,5185.0,5285.0,2.13,195646.0,471945.0,175.0
2020/08/13,5230.0,5245.0,5125.0,5180.0,-1.99,1697437.0,1578406.0,120.0
2020/08/14,5200.0,5365.0,5190.0,5340.0,3.09,1249285.0,2986526.0,175.0
2020/08/18,5325.0,5575.0,5325.0,5530.0,3.56,700687.0,882380.0,250.0
2020/08/19,5460.0,5505.0,5395.0,5410.0,-2.17,3047063.0,1361593.0,110.0
2020/08/20,5435.0,5640.0,5400.0,5585.0,3.23,597240.0,828121.0,240.0
2020/08/21,5520.0,5675.0,5485.0,5560.0,-0.45,934920.0,1327900.0,190.0
2020/08/24,5535.0,5615.0,5380.0,5385.0,-3.15,2607699.0,1170136.0,235.0
2020/08/25,5345.0,5370.0,5260.0,5265.0,-2.23,1662018.0,895922.0,110.0
2020/08/26,5260.0,5360.0,5240.0,5260.0,-0.09,862168.0,680199.0,120.0
2020/08/27,5260.0,5335.0,5255.0,5290.0,0.57,255009.0,183986.0,80.0
2020/08/28,5260.0,5290.0,5160.0,5240.0,-0.95,950380.0,893622.0,130.0
2020/08/31,5205.0,5285.0,5165.0,5210.0,-0.57,272677.0,155141.0,120.0
2020/09/01,5205.0,5230.0,5165.0,5195.0,-0.29,1805999.0,885603.0,65.0
2020/09/02,5160.0,5165.0,5065.0,5075.0,-2.31,4019996.0,3980585.0,100.0
2020/09/03,5055.0,5085.0,5045.0,5060.0,-0.3,675145.0,913596.0,40.0
2020/09/04,5250.0,5265.0,5130.0,5145.0,1.68,4859748.0,3640414.0,135.0
2020/09/07,5140.0,5170.0,5060.0,5065.0,-1.55,3392466.0,2634612.0,110.0
2020/09/08,5035.0,5070.0,4990.0,5040.0,-0.49,1571329.0,28630.0,80.0
2020/09/09,5120.0,5130.0,5065.0,5130.0,1.79,768778.0,1448669.0,65.0
2020/09/10,5070.0,5120.0,5060.0,5065.0,-1.27,358079.0,750126.0,60.0
2020/09/11,5080.0,5175.0,5065.0,5065.0,0.0,1209360.0,627981.0,110.0
2020/09/14,5045.0,5090.0,5025.0,5025.0,-0.79,964028.0,702638.0,65.0
2020/09/15,5005.0,5035.0,4960.0,4965.0,-1.19,2151315.0,180726.0,75.0
2020/09/16,4965.0,5000.0,4915.0,4980.0,0.3,259912.0,23840.0,85.0
2020/09/17,4990.0,5095.0,4970.0,5070.0,1.81,1199257.0,169741.0,125.0
2020/09/18,5055.0,5095.0,5000.0,5000.0,-1.38,561485.0,213219.0,95.0
2020/09/21,5010.0,5200.0,4965.0,5150.0,3.0,597655.0,2241407.0,235.0
2020/09/22,5145.0,5345.0,5120.0,5320.0,3.3,2031462.0,2956591.0,225.0
2020/09/23,5260.0,5450.0,5245.0,5305.0,-0.28,814672.0,220301.0,205.0
2020/09/24,5405.0,5590.0,5385.0,5580.0,5.18,3546459.0,4435526.0,205.0
2020/09/25,5505.0,5645.0,5470.0,5575.0,-0.09,1006277.0,26309.0,175.0
2020/09/28,5485.0,5520.0,5325.0,5335.0,-4.3,3159366.0,3235482.0,195.0
2020/09/29,5290.0,5345.0,5265.0,5275.0,-1.12,1664568.0,3948411.0,80.0
2020/10/05,5275.0,5310.0,5185.0,5210.0,-1.23,196026.0,1752944.0,125.0
2020/10/06,5190.0,5270.0,5170.0,5225.0,0.29,915362.0,41587.0,100.0
2020/10/07,5270.0,5280.0,5180.0,5190.0,-0.67,3440433.0,2685398.0,100.0
2020/10/08,5170.0,5230.0,5160.0,5195.0,0.1,1487472.0,1853931.0,70.0
2020/10/12,5170.0,5235.0,5170.0,5170.0,-0.48,342032.0,277382.0,65.0
2020/10/13,5150.0,5275.0,5145.0,5210.0,0.77,115691.0,1442724.0,130.0
2020/10/14,5215.0,5340.0,5205.0,5315.0,2.02,383580.0,376855.0,135.0
2020/10/15,5335.0,5505.0,5320.0,5440.0,2.35,1372158.0,394783.0,185.0
2020/10/16,5430.0,5600.0,5415.0,5490.0,0.92,1156870.0,828003.0,185.0
2020/10/19,5475.0,5590.0,5405.0,5555.0,1.18,1663180.0,1923677.0,185.0
2020/10/20,5590.0,5705.0,5500.0,5500.0,-0.99,706088.0,668115.0,205.0
2020/10/21,5495.0,5590.0,5445.0,5450.0,-0.91,840173.0,164453.0,145.0
2020/10/22,5505.0,5630.0,5500.0,5625.0,3.21,1064794.0,770033.0,130.0
2020/10/23,5595.0,5725.0,5585.0,5650.0,0.44,971887.0,607893.0,140.0
2020/10/26,5670.0,5900.0,5655.0,5860.0,3.72,2841280.0,595316.0,245.0
2020/10/27,5905.0,5955.0,5700.0,5780.0,-1.37,3173830.0,5721811.0,255.0
2020/10/28,5800.0,5800.0,5595.0,5595.0,-3.2,6004460.0,4968310.0,205.0
2020/10/29,5680.0,5720.0,5475.0,5485.0,-1.97,398815.0,851899.0,245.0
2020/10/30,5500.0,5715.0,5490.0,5700.0,3.92,3039832.0,4784861.0,225.0
2020/11/02,5705.0,5730.0,5560.0,5610.0,-1.58,885344.0,1386041.0,170.0
2020/11/03,5570.0,5580.0,5445.0,5490.0,-2.14,473657.0,1482741.0,135.0
2020/11/04,5440.0,5540.0,5330.0,5365.0,-2.28,975887.0,916611.0,210.0
2020/11/05,5330.0,5345.0,5250.0,5265.0,-1.86,879691.0,721097.0,95.0
2020/11/06,5250.0,5415.0,5240.0,5370.0,1.99,1507632.0,2794709.0,175.0
2020/11/09,5305.0,5335.0,5260.0,5295.0,-1.4,3940973.0,2238064.0,75.0
2020/11/10,5340.0,5450.0,5335.0,5405.0,2.08,63206.0,1134131.0,115.0
2020/11/11,5410.0,5490.0,5340.0,5370.0,-0.65,15549.0,1509336.0,150.0
2020/11/12,5355.0,5440.0,5305.0,5395.0,0.47,267368.0,948623.0,135.0
2020/11/13,5430.0,5510.0,5370.0,5370.0,-0.46,899673.0,741985.0,140.0
2020/11/16,5340.0,5370.0,5280.0,5310.0,-1.12,2416834.0,2302368.0,90.0
2020/11/17,5320.0,5420.0,5310.0,5385.0,1.41,830254.0,1020158.0,110.0
2020/11/18,5380.0,5410.0,5275.0,5295.0,-1.67,3146189.0,531260.0,135.0
2020/11/19,5315.0,5350.0,5210.0,5215.0,-1.51,664022.0,571403.0,140.0
2020/11/20,5225.0,5230.0,5125.0,5150.0,-1.25,171887.0,55168.0,105.0
2020/11/23,5150.0,5170.0,5085.0,5125.0,-0.49,575180.0,725256.0,85.0
2020/11/24,5125.0,5205.0,5115.0,5165.0,0.78,283129.0,2352899.0,90.0
2020/11/25,5140.0,5250.0,5075.0,5185.0,0.39,4341428.0,2412816.0,175.0
2020/11/26,5185.0,5240.0,5085.0,5100.0,-1.64,937044.0,559283.0,155.0
2020/11/27,5105.0,5115.0,4995.0,5015.0,-1.67,2399035.0,1257546.0,120.0
2020/11/30,4995.0,5025.0,4960.0,5025.0,0.2,1098418.0,897817.0,65.0
2020/12/01,5000.0,5055.0,4965.0,4980.0,-0.9,655796.0,1721606.0,90.0
2020/12/02,4965.0,5015.0,4910.0,4920.0,-1.2,1059402.0,89294.0,105.0
2020/12/03,4925.0,4930.0,4835.0,4835.0,-1.73,3874490.0,2601940.0,95.0
2020/12/04,4835.0,4840.0,4730.0,4735.0,-2.07,65217.0,869132.0,110.0
2020/12/07,4700.0,4740.0,4565.0,4565.0,-3.59,6386028.0,4142486.0,175.0
2020/12/08,4590.0,4760.0,4535.0,4750.0,4.05,6777353.0,3854069.0,225.0
2020/12/09,4730.0,4795.0,4675.0,4710.0,-0.84,47570.0,1515151.0,120.0
2020/12/10,4775.0,4790.0,4640.0,4655.0,-1.17,4957940.0,3905066.0,150.0
2020/12/11,4635.0,4640.0,4590.0,4610.0,-0.97,1769225.0,544346.0,50.0
2020/12/14,4590.0,4640.0,4525.0,4585.0,-0.54,417660.0,899384.0,115.0
2020/12/15,4580.0,4670.0,4565.0,4590.0,0.11,280162.0,939169.0,105.0
2020/12/16,4565.0,4615.0,4530.0,4550.0,-0.87,363375.0,638668.0,85.0
2020/12/17,4560.0,4565.0,4485.0,4525.0,-0.55,816517.0,351786.0,80.0
2020/12/18,4510.0,4545.0,4505.0,4515.0,-0.22,168717.0,116872.0,40.0
2020/12/21,4505.0,4550.0,4430.0,4440.0,-1.66,5589391.0,4242767.0,120.0
2020/12/22,4455.0,4585.0,4430.0,4585.0,3.27,336744.0,2211570.0,155.0
2020/12/23,4555.0,4645.0,4520.0,4605.0,0.44,4716957.0,3229698.0,125.0
2020/12/24,4595.0,4640.0,4520.0,4545.0,-1.3,1278762.0,672738.0,120.0
2020/12/28,4515.0,4550.0,4485.0,4510.0,-0.77,1743355.0,3956042.0,65.0
2020/12/29,4435.0,4470.0,4350.0,4360.0,-3.33,3584760.0,49955.0,120.0
2020/12/30,4365.0,4395.0,4325.0,4350.0,-0.23,4520973.0,3062830.0,70.0
2021/01/04,4365.0,4450.0,4355.0,4380.0,0.69,2581447.0,4099911.0,95.0
2021/01/05,4415.0,4485.0,4355.0,4380.0,0.0,3060067.0,486915.0,130.0
2021/01/06,4375.0,4435.0,4350.0,4420.0,0.91,4503051.0,2882069.0,85.0
2021/01/07,4380.0,4435.0,4350.0,4385.0,-0.79,5529402.0,4216943.0,85.0
2021/01/08,4360.0,4420.0,4355.0,4355.0,-0.68,2839696.0,3284930.0,65.0
2021/01/11,4340.0,4480.0,4250.0,4355.0,0.0,1398522.0,434306.0,230.0
2021/01/12,4380.0,4465.0,4330.0,4370.0,0.34,631038.0,835868.0,135.0
2021/01/13,4370.0,4410.0,4335.0,4370.0,0.0,363945.0,126261.0,75.0
2021/01/14,4400.0,4440.0,4380.0,4415.0,1.03,1731284.0,2071698.0,60.0
2021/01/15,4420.0,4545.0,4405.0,4515.0,2.27,1309200.0,456366.0,140.0
